,,,,,Run,,,,,,,Cooldown,,,,,,,TOTAL,,,,,,,,
Location,Day,Month,Day,Date,Run Calories,Run Distance,Average Pace,Average Pace Kevin,MPH Kevin,Run Minutes,Run Seconds,Walk Calories,Walk Distance,Average Pace,Average Pace Kevin,MPH Kevin,Walk Minutes,Walk Seconds,Calories,Distance,Minutes,Seconds,Time,Start Time,,,
CRCE,Wednesday,1,31,01/31/18,595,4.51,9:26,09:28,6.344,42,39,0,0,0,,,0,0,595,4.51,42,39,0:42:39,,,,
Arc,Thursday,2,1,02/01/18,676,5.17,9:04,09:05,6.614,46,54,0,0,0,,,0,0,676,5.17,46,54,0:46:54,8:50 PM,,,
Ike,Friday,2,2,02/02/18,368,3.03,9:52,09:55,6.060,30,0,42,0.34,14:40,14:43,4.080,5,0,410,3.37,35,0,0:35:00,,,,
Ike,Saturday,2,3,02/03/18,681,5.68,8:47,08:49,6.816,50,0,24,0.33,15:01,15:10,3.960,5,0,705,6.01,55,0,0:55:00,,,,
,Sunday,2,4,02/04/18,0,0,0,,,0,0,0,0,0,,,0,0,0,0.00,0,0,0:00:00,,,,
Ike,Monday,2,5,02/05/18,405,3.37,8:52,08:55,6.740,30,0,25,0.33,15:04,15:10,3.960,5,0,430,3.70,35,0,0:35:00,,,,
Ike,Tuesday,2,6,02/06/18,770,6.43,8:23,08:24,7.144,54,0,24,0.33,14:58,15:10,3.960,5,0,794,6.76,59,0,0:59:00,,,,
Elliptical,Wednesday,2,7,02/07/18,206,1.54,16:22,16:24,3.659,25,15,0,0,0,,,0,0,206,1.54,25,15,0:25:15,,,,
CRCE,Thursday,2,8,02/08/18,698,5.88,7:38,07:40,7.840,45,0,24,0.33,15:04,15:10,3.960,5,0,722,6.21,50,0,0:50:00,,,,
Outside,Friday,2,9,02/09/18,0,4.00,7:40,07:40,7.826,30,40,0,0,0,,,0,0,0,4.00,30,40,0:30:40,,,,
Ike,Saturday,2,10,02/10/18,423,3.53,8:28,08:30,7.060,30,0,24,0.34,15:04,14:43,4.080,5,0,447,3.87,35,0,0:35:00,,,,
Ike,Sunday,2,11,02/11/18,427,3.57,8:23,08:25,7.140,30,0,25,0.34,15:01,14:43,4.080,5,0,452,3.91,35,0,0:35:00,,,,
Ike,Monday,2,12,02/12/18,598,5.02,8:10,08:11,7.346,41,0,25,0.33,15:01,15:10,3.960,5,0,623,5.35,46,0,0:46:00,12:30 PM,,,
,Tuesday,2,13,02/13/18,0,0,0,,,0,0,0,0,0,,,0,0,0,0.00,0,0,0:00:00,,,,
,Wednesday,2,14,02/14/18,0,0,0,,,0,0,0,0,0,,,0,0,0,0.00,0,0,0:00:00,,,,
Ike,Thursday,2,15,02/15/18,437,3.66,8:11,08:12,7.320,30,0,24,0.33,15:01,15:10,3.960,5,0,461,3.99,35,0,0:35:00,9:25 PM,,,
Ike,Friday,2,16,02/16/18,64,0.53,8:01,08:11,7.338,4,20,10,0.14,14:46,14:18,4.200,2,0,74,0.67,6,20,0:06:20,10:30 PM,,,
Ike,Saturday,2,17,02/17/18,680,5.71,7:52,07:53,7.613,45,0,24,0.33,15:04,15:10,3.960,5,0,704,6.04,50,0,0:50:00,7:00 AM,,,
Ike,Saturday,2,17,02/17/18,525,4.39,8:11,08:13,7.316,36,0,24,0.34,15:01,14:43,4.080,5,0,549,4.73,41,0,0:41:00,6:20 PM,,,
Ike,Sunday,2,18,02/18/18,413,3.44,8:42,08:44,6.880,30,0,24,0.33,15:04,15:10,3.960,5,0,437,3.77,35,0,0:35:00,4:45 PM,,,
,Monday,2,19,02/19/18,0,0,0,,,0,0,0,0,0,,,0,0,0,0.00,0,0,0:00:00,,,,
Ike,Tuesday,2,20,02/20/18,423,3.53,8:29,08:30,7.060,30,0,24,0.33,15:01,15:10,3.960,5,0,447,3.86,35,0,0:35:00,7:30 PM,,,
Ike,Wednesday,2,21,02/21/18,428,3.59,8:21,08:22,7.180,30,0,25,0.33,15:04,15:10,3.960,5,0,453,3.92,35,0,0:35:00,5:00 PM,,,
Ike,Thursday,2,22,02/22/18,668,5.61,8:01,08:02,7.480,45,0,24,0.33,15:04,15:10,3.960,5,0,692,5.94,50,0,0:50:00,11:00 AM,,,
Ike,Friday,2,23,02/23/18,423,3.53,8:28,08:30,7.060,30,0,24,0.34,15:04,14:43,4.080,5,0,447,3.87,35,0,0:35:00,12:05 AM,,,
Ike,Saturday,2,24,02/24/18,690,5.80,7:56,07:56,7.565,46,0,24,0.33,15:04,15:10,3.960,5,0,714,6.13,51,0,0:51:00,7:15 PM,,,
Ike,Sunday,2,25,02/25/18,527,4.37,9:08,09:10,6.555,40,0,24,0.33,15:10,15:10,3.960,5,0,551,4.70,45,0,0:45:00,3:00 PM,,,
,Monday,2,26,02/26/18,0,0,0,,,0,0,0,0,0,,,0,0,0,0.00,0,0,0:00:00,,,,
Ike,Tuesday,2,27,02/27/18,443,3.71,8:21,08:22,7.180,31,0,24,0.33,15:04,15:10,3.960,5,0,467,4.04,36,0,0:36:00,4:00 PM,,,
Ike,Wednesday,2,28,02/28/18,714,6.01,7:48,07:50,7.672,47,0,25,0.33,15:04,15:10,3.960,5,0,739,6.34,52,0,0:52:00,6:30 PM,,,
Ike,Thursday,3,1,03/01/18,340,2.84,8:29,08:31,7.055,24,9,24,0.32,15:01,15:04,3.986,4,49,364,3.16,28,58,0:28:58,11:05 AM,,,
Ike,Friday,3,2,03/02/18,126,1.05,8:30,08:35,7.000,9,0,10,0.14,15:01,14:18,4.200,2,0,136,1.19,11,0,0:11:00,8:45 PM,,,
Ike,Saturday,3,3,03/03/18,443,3.71,8:21,08:22,7.180,31,0,24,0.33,15:04,15:10,3.960,5,0,467,4.04,36,0,0:36:00,11:10 AM,,,
Ike,Sunday,3,4,03/04/18,447,3.75,7:59,08:00,7.500,30,0,24,0.33,14:58,15:10,3.960,5,0,471,4.08,35,0,0:35:00,7:30 PM,,,
Outside,Monday,3,5,03/05/18,324,3.25,8:41,08:41,6.910,28,13,0,0,0,,,0,0,324,3.25,28,13,0:28:13,,,,
,Tuesday,3,6,03/06/18,0,0,0,,,0,0,0,0,0,,,0,0,0,0.00,0,0,0:00:00,,,,
,Wednesday,3,7,03/07/18,0,0,0,,,0,0,0,0,0,,,0,0,0,0.00,0,0,0:00:00,,,,
Ike,Thursday,3,8,03/08/18,428,3.59,8:21,08:22,7.180,30,0,5,0.06,15:01,16:40,3.600,1,0,433,3.65,31,0,0:31:00,6:05 PM,,,
Ike,Friday,3,9,03/09/18,679,5.68,8:15,08:17,7.251,47,0,24,0.34,15:01,14:43,4.080,5,0,703,6.02,52,0,0:52:00,11:10 AM,,,
Ike,Saturday,3,10,03/10/18,486,4.07,8:21,08:22,7.182,34,0,24,0.33,15:01,15:10,3.960,5,0,510,4.40,39,0,0:39:00,11:00 AM,,,
Soccer,Sunday,3,11,03/11/18,0,5.23,0,08:37,6.973,45,0,0,0,0,,,0,0,0,5.23,45,0,0:45:00,,,,
,Monday,3,12,03/12/18,0,0,0,,,0,0,0,0,0,,,0,0,0,0.00,0,0,0:00:00,,,,
Ike,Tuesday,3,13,03/13/18,500,4.19,8:20,08:22,7.182,35,0,24,0.33,15:04,15:10,3.960,5,0,524,4.52,40,0,0:40:00,3:20 PM,,,
Ike,Wednesday,3,14,03/14/18,715,6.00,7:59,08:00,7.500,48,0,24,0.33,15:04,15:10,3.960,5,0,739,6.33,53,0,0:53:00,7:00 PM,,,
Ike,Thursday,3,15,03/15/18,479,4.01,8:13,08:14,7.290,33,0,24,0.33,15:04,15:10,3.960,5,0,503,4.34,38,0,0:38:00,11:20 AM,,,
Ike,Friday,3,16,03/16/18,695,5.82,8:14,08:15,7.275,48,0,24,0.33,14:58,15:10,3.960,5,0,719,6.15,53,0,0:53:00,11:10 AM,,,
,Saturday,3,17,03/17/18,0,0,0,,,0,0,0,0,0,,,0,0,0,0.00,0,0,0:00:00,,,,
WN Track,Sunday,3,18,03/18/18,419,3.86,7:47,07:47,7.720,30,0,0,0.36,15:44,15:45,3.811,5,40,419,4.22,35,40,0:35:40,11:00 AM,,,
Outside,Monday,3,19,03/19/18,666,6.27,7:59,07:59,7.524,50,0,0,0.31,16:07,16:08,3.720,5,0,666,6.58,55,0,0:55:00,9:50 AM,,,
Outside,Tuesday,3,20,03/20/18,460,4.14,0,07:59,7.527,33,0,0,0.32,0,18:45,3.200,6,0,460,4.46,39,0,0:39:00,3:30 PM,,,
,Wednesday,3,21,03/21/18,0,0,0,,,0,0,0,0,0,,,0,0,0,0.00,0,0,0:00:00,,,,
,Thursday,3,22,03/22/18,0,0,0,,,0,0,0,0,0,,,0,0,0,0.00,0,0,0:00:00,,,,
,Friday,3,23,03/23/18,0,0,0,,,0,0,0,0,0,,,0,0,0,0.00,0,0,0:00:00,,,,
Outside,Saturday,3,24,03/24/18,369,3.41,0,08:48,6.820,30,0,0,0.31,0,16:08,3.720,5,0,369,3.72,35,0,0:35:00,11:05 AM,,,
Ike,Sunday,3,25,03/25/18,374,3.14,7:56,07:58,7.536,25,0,24,0.33,15:04,15:10,3.960,5,0,398,3.47,30,0,0:30:00,9:30 PM,,,
Ike,Monday,3,26,03/26/18,697,5.84,8:12,08:14,7.300,48,0,24,0.33,15:04,15:10,3.960,5,0,721,6.17,53,0,0:53:00,6:50 PM,,,
Ike,Tuesday,3,27,03/27/18,477,4.00,8:14,08:15,7.272,33,0,24,0.33,15:04,15:10,3.960,5,0,501,4.33,38,0,0:38:00,10:10 AM,,,
,Wednesday,3,28,03/28/18,0,0,0,,,0,0,0,0,0,,,0,0,0,0.00,0,0,0:00:00,,,,
Ike,Thursday,3,29,03/29/18,695,5.82,8:14,08:15,7.275,48,0,24,0.33,15:01,15:10,3.960,5,0,719,6.15,53,0,0:53:00,8:15 AM,,,
Ike,Friday,3,30,03/30/18,479,4.02,8:12,08:13,7.309,33,0,25,0.33,15:04,15:10,3.960,5,0,504,4.35,38,0,0:38:00,11:15 AM,,,
Ike,Saturday,3,31,03/31/18,172,1.44,8:17,08:20,7.200,12,0,12,0.16,15:01,15:00,4.000,2,24,184,1.60,14,24,0:14:24,3:45 PM,,,
Ike,Sunday,4,1,04/01/18,725,6.07,8:14,08:15,7.284,50,0,24,0.33,15:04,15:10,3.960,5,0,749,6.40,55,0,0:55:00,7:30 PM,,,
Ike,Monday,4,2,04/02/18,479,4.01,8:13,08:14,7.290,33,0,24,0.33,14:58,15:10,3.960,5,0,503,4.34,38,0,0:38:00,11:30 AM,,,
Ike,Tuesday,4,3,04/03/18,715,6.00,7:59,08:00,7.500,48,0,24,0.34,15:04,14:43,4.080,5,0,739,6.34,53,0,0:53:00,1:25 PM,,,
Ike,Wednesday,4,4,04/04/18,479,4.01,8:12,08:14,7.290,33,0,24,0.34,15:04,14:43,4.080,5,0,503,4.35,38,0,0:38:00,6:30 PM,,,
,Thursday,4,5,04/05/18,0,0,0,,,0,0,0,0,0,,,0,0,0,0.00,0,0,0:00:00,,,,
Ike,Friday,4,6,04/06/18,285,2.39,7:55,07:57,7.547,19,0,18,0.26,14:57,14:37,4.105,3,48,303,2.65,22,48,0:22:48,11:10 AM,,,
Ike,Saturday,4,7,04/07/18,728,6.20,7:53,07:55,7.591,49,0,25,0.34,15:01,14:43,4.080,5,0,753,6.54,54,0,0:54:00,7:00 PM,,,
Ike,Sunday,4,8,04/08/18,480,4.02,8:12,08:13,7.309,33,0,24,0.33,14:58,15:10,3.960,5,0,504,4.35,38,0,0:38:00,11:20 AM,,,
Ike,Monday,4,9,04/09/18,487,4.09,7:48,07:50,7.668,32,0,24,0.34,14:55,14:43,4.080,5,0,511,4.43,37,0,0:37:00,11:30 AM,,,
,Tuesday,4,10,04/10/18,0,0,0,,,0,0,0,0,0,,,0,0,0,0.00,0,0,0:00:00,,,,
Ike,Wednesday,4,11,04/11/18,755,6.34,7:54,07:54,7.608,50,0,24,0.34,14:58,14:43,4.080,5,0,779,6.68,55,0,0:55:00,5:10 PM,,,
Ike,Thursday,4,12,04/12/18,480,4.04,7:54,07:56,7.575,32,0,24,0.33,15:04,15:10,3.960,5,0,504,4.37,37,0,0:37:00,3:40 PM,,,
Ike,Friday,4,13,04/13/18,747,6.41,7:47,07:49,7.692,50,0,24,0.33,15:04,15:10,3.960,5,0,771,6.74,55,0,0:55:00,5:25 PM,,,
Ike,Saturday,4,14,04/14/18,0,3.63,0,08:00,7.510,29,0,0,0,0,,,0,0,0,3.63,29,0,0:29:00,,,,
,Sunday,4,15,04/15/18,0,0,0,,,0,0,0,0,0,,,0,0,0,0.00,0,0,0:00:00,,,,
Ike,Monday,4,16,04/16/18,715,6.00,7:59,08:00,7.500,48,0,24,0.34,14:58,14:43,4.080,5,0,739,6.34,53,0,0:53:00,11:20 AM,,,
Ike,Tuesday,4,17,04/17/18,477,4.01,7:58,07:59,7.518,32,0,24,0.33,15:04,15:10,3.960,5,0,501,4.34,37,0,0:37:00,2:55 PM,,,
Ike,Wednesday,4,18,04/18/18,763,6.42,7:47,07:48,7.704,50,0,24,0.33,15:04,15:10,3.960,5,0,787,6.75,55,0,0:55:00,9:30 PM,,,
,Thursday,4,19,04/19/18,0,0,0,,,0,0,0,0,0,,,0,0,0,0.00,0,0,0:00:00,,,,
Ike,Friday,4,20,04/20/18,479,4.01,8:13,08:14,7.290,33,0,24,0.33,15:04,15:10,3.960,5,0,503,4.34,38,0,0:38:00,11:35 PM,,,
Ike,Saturday,4,21,04/21/18,478,4.01,7:58,07:59,7.518,32,0,24,0.33,14:58,15:10,3.960,5,0,502,4.34,37,0,0:37:00,5:00 PM,,,
,Sunday,4,22,04/22/18,0,0,0,,,0,0,0,0,0,,,0,0,0,0.00,0,0,0:00:00,,,,
Ike,Monday,4,23,04/23/18,774,6.52,7:39,07:41,7.824,50,0,24,0.33,14:57,15:10,3.960,5,0,798,6.85,55,0,0:55:00,11:35 AM,,,
Ike,Tuesday,4,24,04/24/18,443,3.68,8:56,08:59,6.690,33,0,24,0.33,15:04,15:10,3.960,5,0,467,4.01,38,0,0:38:00,1:55 PM,,,
,Wednesday,4,25,04/25/18,0,0,0,,,0,0,0,0,0:00,,,0,0,0,0.00,0,0,0:00:00,,,,
Ike,Thursday,4,26,04/26/18,784,6.61,7:33,07:34,7.932,50,0,24,0.33,15:04,15:10,3.960,5,0,808,6.94,55,0,0:55:00,5:00 PM,,,
Ike,Friday,4,27,04/27/18,353,2.96,8:11,08:13,7.313,24,17,24,0.32,15:01,15:10,3.958,4,51,377,3.28,29,8,0:29:08,4:30 PM,,,
,Saturday,4,28,04/28/18,0,0,0,,,0,0,0,0,0,,,0,0,0,0.00,0,0,0:00:00,,,,
,Sunday,4,29,04/29/18,0,0,0,,,0,0,0,0,0,,,0,0,0,0.00,0,0,0:00:00,,,,
Ike,Monday,4,30,04/30/18,723,6.08,7:48,07:49,7.680,47,30,24,0.33,15:01,15:10,3.960,5,0,747,6.41,52,30,0:52:30,4:20 PM,,,
,Tuesday,5,1,05/01/18,0,0,0,,,0,0,0,0,0,,,0,0,0,0.00,0,0,0:00:00,,,,
Ike,Wednesday,5,2,05/02/18,478,4.02,7:57,07:58,7.537,32,0,24,0.33,15:04,15:10,3.960,5,0,502,4.35,37,0,0:37:00,10:40 AM,,,
,Thursday,5,3,05/03/18,0,0,0,,,0,0,0,0,0,,,0,0,0,0.00,0,0,0:00:00,,,,
,Friday,5,4,05/04/18,0,0,0,,,0,0,0,0,0,,,0,0,0,0.00,0,0,0:00:00,,,,
Ike,Saturday,5,5,05/05/18,287,2.44,8:11,08:12,7.320,20,0,20,0.26,14:57,15:24,3.900,4,0,307,2.70,24,0,0:24:00,3:40 PM,,,
Ike,Sunday,5,6,05/06/18,477,4.01,7:58,07:59,7.518,32,0,24,0.33,15:04,15:10,3.960,5,0,501,4.34,37,0,0:37:00,3:30 PM,,,
,Monday,5,7,05/07/18,0,0,0,,,0,0,0,0,0,,,0,0,0,0.00,0,0,0:00:00,,,,
,Tuesday,5,8,05/08/18,0,0,0,,,0,0,0,0,0,,,0,0,0,0.00,0,0,0:00:00,,,,
,Wednesday,5,9,05/09/18,0,0,0,,,0,0,0,0,0,,,0,0,0,0.00,0,0,0:00:00,,,,
,Thursday,5,10,05/10/18,0,0,0,,,0,0,0,0,0,,,0,0,0,0.00,0,0,0:00:00,,,,
,Friday,5,11,05/11/18,0,0,0,,,0,0,0,0,0,,,0,0,0,0.00,0,0,0:00:00,,,,
,Saturday,5,12,05/12/18,0,0,0,,,0,0,0,0,0,,,0,0,0,0.00,0,0,0:00:00,,,,
Outside,Sunday,5,13,05/13/18,387,3.55,0,09:01,6.656,32,0,0,0.4,0,17:30,3.428,7,0,387,3.95,39,0,0:39:00,10:10 AM,,,
,Monday,5,14,05/14/18,0,0,0,,,0,0,0,0,0,,,0,0,0,0.00,0,0,0:00:00,,,,
Outside,Tuesday,5,15,05/15/18,401,3.67,0,08:11,7.340,30,0,0,0.33,0,15:34,3.857,5,8,401,4.00,35,8,0:35:08,6:10 PM,,,
,Wednesday,5,16,05/16/18,0,0,0,,,0,0,0,0,0,,,0,0,0,0.00,0,0,0:00:00,,,,
Outside,Thursday,5,17,05/17/18,406,3.78,0,08:13,7.316,31,0,0,0.27,0,16:40,3.600,4,30,406,4.05,35,30,0:35:30,7:45 PM,,,
,Friday,5,18,05/18/18,0,0,0,,,0,0,0,0,0,,,0,0,0,0.00,0,0,0:00:00,,,,
,Saturday,5,19,05/19/18,0,0,0,,,0,0,0,0,0,,,0,0,0,0.00,0,0,0:00:00,,,,
,Sunday,5,20,05/20/18,0,0,0,,,0,0,0,0,0,,,0,0,0,0.00,0,0,0:00:00,,,,
,Monday,5,21,05/21/18,0,0,0,,,0,0,0,0,0,,,0,0,0,0.00,0,0,0:00:00,,,,
,Tuesday,5,22,05/22/18,0,0,0,,,0,0,0,0,0,,,0,0,0,0.00,0,0,0:00:00,,,,
Outside,Wednesday,5,23,05/23/18,389,3.55,0,08:28,7.100,30,0,0,0.40,0,17:30,3.428,7,0,389,3.95,37,0,0:37:00,4:30 PM,,,
,Thursday,5,24,05/24/18,0,0,0,,,0,0,0,0,0,,,0,0,0,0.00,0,0,0:00:00,,,,
Outside,Friday,5,25,05/25/18,366,3.51,0,08:33,7.020,30,0,0,0.10,0,16:40,3.600,1,40,366,3.61,31,40,0:31:40,10:40 AM,,,
,Saturday,5,26,05/26/18,0,0,0,,,0,0,0,0,0,,,0,0,0,0.00,0,0,0:00:00,,,,
Outside,Sunday,5,27,05/27/18,388,3.53,0,08:30,7.060,30,0,0,0.37,0,16:13,3.700,6,0,388,3.90,36,0,0:36:00,10:40 AM,,,
,Monday,5,28,05/28/18,0,0,0,,,0,0,0,0,0,,,0,0,0,0.00,0,0,0:00:00,,,,
,Tuesday,5,29,05/29/18,0,0,0,,,0,0,0,0,0,,,0,0,0,0.00,0,0,0:00:00,,,,
,Wednesday,5,30,05/30/18,0,0,0,,,0,0,0,0,0,,,0,0,0,0.00,0,0,0:00:00,,,,
Outside,Thursday,5,31,05/31/18,382,3.00,0,08:29,7.077,25,26,0,1.06,0,17:31,3.425,18,34,382,4.06,44,0,0:44:00,,,,
,Friday,6,1,06/01/18,0,0,0,,,0,0,0,0,0,,,0,0,0,0.00,0,0,0:00:00,,,,
Outside,Saturday,6,2,06/02/18,296,2.73,0,08:34,7.014,23,21,0,0.25,0,16:40,3.600,4,10,296,2.98,27,31,0:27:31,,,,
,Sunday,6,3,06/03/18,0,0,0,,,0,0,0,0,0,,,0,0,0,0.00,0,0,0:00:00,,,,
Outside,Monday,6,4,06/04/18,408,3.89,0,08:14,7.293,32,0,0,0.14,0,17:52,3.360,2,30,408,4.03,34,30,0:34:30,7:30 PM,,,
,Tuesday,6,5,06/05/18,0,0,0,,,0,0,0,0,0,,,0,0,0,0.00,0,0,0:00:00,,,,
Outside,Wednesday,6,6,06/06/18,492,4.51,0,07:59,7.516,36,0,0,0.43,0,17:39,3.402,7,35,492,4.94,43,35,0:43:35,10:15 AM,,,
,Thursday,6,7,06/07/18,0,0,0,,,0,0,0,0,0,,,0,0,0,0.00,0,0,0:00:00,,,,
Outside,Friday,6,8,06/08/18,428,4.02,0,08:28,7.094,34,0,0,0.26,0,17:19,3.466,4,30,428,4.28,38,30,0:38:30,7:15 PM,,,
,Saturday,6,9,06/09/18,0,0,0,,,0,0,0,0,0,,,0,0,0,0.00,0,0,0:00:00,,,,
Outside,Sunday,6,10,06/10/18,410,3.57,0,08:31,7.057,30,21,0,0.69,0,18:20,3.272,12,39,410,4.26,43,0,0:43:00,11:00 AM,,,
,Monday,6,11,06/11/18,0,0,0,,,0,0,0,0,0,,,0,0,0,0.00,0,0,0:00:00,,,,
Outside,Tuesday,6,12,06/12/18,437,4.16,0,08:54,6.745,37,0,0,0.22,0,18:11,3.300,4,0,437,4.38,41,0,0:41:00,10:15 AM,,,
Outside,Wednesday,6,13,06/13/18,429,4.02,0,07:58,7.537,32,0,0,0.24,0,16:40,3.600,4,0,429,4.26,36,0,0:36:00,5:55 PM,,,
,Thursday,6,14,06/14/18,0,0,0,,,0,0,0,0,0,,,0,0,0,0.00,0,0,0:00:00,,,,
Outside,Friday,6,15,06/15/18,422,4.01,0,08:44,6.874,35,0,0,0.21,0,19:03,3.150,4,0,422,4.22,39,0,0:39:00,10:00 AM,,,
,Saturday,6,16,06/16/18,0,0,0,,,0,0,0,0,0,,,0,0,0,0.00,0,0,0:00:00,,,,
,Sunday,6,17,06/17/18,0,0,0,,,0,0,0,0,0,,,0,0,0,0.00,0,0,0:00:00,,,,
Outside,Monday,6,18,06/18/18,429,4.09,0,08:34,7.011,35,0,0,0.19,0,19:18,3.109,3,40,429,4.28,38,40,0:38:40,8:00 PM,,,
,Tuesday,6,19,06/19/18,0,0,0,,,0,0,0,0,0,,,0,0,0,0.00,0,0,0:00:00,,,,
Outside,Wednesday,6,20,06/20/18,247,0.00,0,,,0,0,0,0,0,,,0,0,247,0.00,0,0,0:00:00,8:00 PM,,,
,Thursday,6,21,06/21/18,0,0,0,,,0,0,0,0,0,,,0,0,0,0.00,0,0,0:00:00,,,,
Outside,Friday,6,22,06/22/18,536,5.13,0,08:47,6.840,45,0,0,0.22,0,18:11,3.300,4,0,536,5.35,49,0,0:49:00,2:30 PM,,,
,Saturday,6,23,06/23/18,0,0,0,,,0,0,0,0,0,,,0,0,0,0.00,0,0,0:00:00,,,,
Outside,Sunday,6,24,06/24/18,428,4.04,0,08:55,6.733,36,0,0,0.27,0,18:32,3.240,5,0,428,4.31,41,0,0:41:00,12:00 PM,,,
,Monday,6,25,06/25/18,0,0,0,,,0,0,0,0,0,,,0,0,0,0.00,0,0,0:00:00,,,,
Outside,Tuesday,6,26,06/26/18,440,4.29,0,08:10,7.354,35,0,0,0.11,0,20:10,2.977,2,13,440,4.40,37,13,0:37:13,7:05 PM,,,
,Wednesday,6,27,06/27/18,0,0,0,,,0,0,0,0,0,,,0,0,0,0.00,0,0,0:00:00,,,,
Outside,Thursday,6,28,06/28/18,373,3.06,0,08:50,6.800,27,0,0,1.01,0,18:10,3.305,18,20,373,4.07,45,20,0:45:20,10:10 AM,,,
,Friday,6,29,06/29/18,0,0,0,,,0,0,0,0,0,,,0,0,0,0.00,0,0,0:00:00,,,,
Outside,Saturday,6,30,06/30/18,279,2.69,0,08:34,7.017,23,0,0,0.13,0,15:24,3.900,2,0,279,2.82,25,0,0:25:00,11:00 AM,,,
Outside,Sunday,7,1,07/01/18,518,5.05,0,08:37,6.965,43,30,0,0.17,0,17:39,3.400,3,0,518,5.22,46,30,0:46:30,8:10 PM,,,
,Monday,7,2,07/02/18,0,0,0,,,0,0,0,0,0,,,0,0,0,0.00,0,0,0:00:00,,,,
Outside,Tuesday,7,3,07/03/18,378,3.21,0,08:47,6.833,28,11,0,0.81,0,17:18,3.471,14,0,378,4.02,42,11,0:42:11,10:45 AM,,,
Outside,Wednesday,7,4,07/04/18,273,2.57,0,08:34,7.009,22,0,0,0.23,0,16:19,3.680,3,45,273,2.80,25,45,0:25:45,8:05 PM,,,
,Thursday,7,5,07/05/18,0,0,0,,,0,0,0,0,0,,,0,0,0,0.00,0,0,0:00:00,,,,
Outside,Friday,7,6,07/06/18,524,5.17,0,08:31,7.050,44,0,0,0.07,0,17:52,3.360,1,15,524,5.24,45,15,0:45:15,11:00 AM,,,
,Saturday,7,7,07/07/18,0,0,0,,,0,0,0,0,0,,,0,0,0,0.00,0,0,0:00:00,,,,
Outside,Sunday,7,8,07/08/18,622,6.02,0,07:52,7.630,47,20,0,0.19,0,17:59,3.336,3,25,622,6.21,50,45,0:50:45,6:10 PM,,,
,Monday,7,9,07/09/18,0,0,0,,,0,0,0,0,0,,,0,0,0,0.00,0,0,0:00:00,,,,
Outside,Tuesday,7,10,07/10/18,401,3.85,0,08:35,7.000,33,0,0,0.21,0,16:40,3.600,3,30,401,4.06,36,30,0:36:30,6:00 PM,,,
,Wednesday,7,11,07/11/18,0,0,0,,,0,0,0,0,0,,,0,0,0,0.00,0,0,0:00:00,,,,
Outside,Thursday,7,12,07/12/18,402,4.00,0,08:40,6.926,34,39,0,0.37,0,18:31,3.240,6,51,402,4.37,41,30,0:41:30,,,,
Outside,Friday,7,13,07/13/18,215,2.02,0,08:40,6.925,17,30,0,0.2,0,19:10,3.130,3,50,215,2.22,21,20,0:21:20,11:05 AM,,,
Outside,Saturday,7,14,07/14/18,430,4.21,0,09:02,6.647,38,0,0,0.14,0,18:28,3.251,2,35,430,4.35,40,35,0:40:35,5:50 PM,,,
,Sunday,7,15,07/15/18,0,0,0,,,0,0,0,0,0,,,0,0,0,0.00,0,0,0:00:00,,,,
Outside,Monday,7,16,07/16/18,391,3.87,0,08:55,6.730,34,30,0,0.06,0,16:40,3.600,1,0,391,3.93,35,30,0:35:30,4:10 PM,,,
,Tuesday,7,17,07/17/18,0,0,0,,,0,0,0,0,0,,,0,0,0,0.00,0,0,0:00:00,,,,
Outside,Wednesday,7,18,07/18/18,527,5.14,0,08:46,6.853,45,0,0,0.20,0,17:30,3.428,3,30,527,5.34,48,30,0:48:30,10:10 AM,,,
,Thursday,7,19,07/19/18,0,0,0,,,0,0,0,0,0,,,0,0,0,0.00,0,0,0:00:00,,,,
Outside,Friday,7,20,07/20/18,561,5.47,0,08:58,6.697,49,0,0,0.22,0,18:57,3.168,4,10,561,5.69,53,10,0:53:10,10:25 AM,,,
,Saturday,7,21,07/21/18,0,0,0,,,0,0,0,0,0,,,0,0,0,0.00,0,0,0:00:00,,,,
Outside,Sunday,7,22,07/22/18,379,3.31,0,08:28,7.092,28,0,0,0.68,0,17:39,3.400,12,0,379,3.99,40,0,0:40:00,6:20 PM,,,
,Monday,7,23,07/23/18,0,0,0,,,0,0,0,0,0,,,0,0,0,0.00,0,0,0:00:00,,,,
Outside,Tuesday,7,24,07/24/18,641,6.23,0,08:50,6.796,55,0,0,0.28,0,17:52,3.360,5,0,641,6.51,60,0,1:00:00,6:05 PM,,,
,Wednesday,7,25,07/25/18,0,0,0,,,0,0,0,0,0,,,0,0,0,0.00,0,0,0:00:00,,,,
Outside,Thursday,7,26,07/26/18,428,4.11,0,08:46,6.850,36,0,0,0.24,0,19:27,3.085,4,40,428,4.35,40,40,0:40:40,10:45 AM,,,
Outside,Friday,7,27,07/27/18,429,4.11,0,08:31,7.045,35,0,0,0.25,0,18:40,3.214,4,40,429,4.36,39,40,0:39:40,10:35 AM,,,
,Saturday,7,28,07/28/18,0,0,0,,,0,0,0,0,0,,,0,0,0,0.00,0,0,0:00:00,,,,
Outside,Sunday,7,29,07/29/18,529,5.18,0,08:53,6.756,46,0,0,0.18,0,18:04,3.323,3,15,529,5.36,49,15,0:49:15,6:00 PM,,,
,Monday,7,30,07/30/18,0,0,0,,,0,0,0,0,0,,,0,0,0,0.00,0,0,0:00:00,,,,
,Tuesday,7,31,07/31/18,0,0,0,,,0,0,0,0,0,,,0,0,0,0.00,0,0,0:00:00,,,,
,Wednesday,8,1,08/01/18,0,0,0,,,0,0,0,0,0,,,0,0,0,0.00,0,0,0:00:00,,,,
Outside,Thursday,8,2,08/02/18,431,4.11,0,08:31,7.045,35,0,0,0.27,0,16:40,3.600,4,30,431,4.38,39,30,0:39:30,5:05 PM,,,
,Friday,8,3,08/03/18,0,0,0,,,0,0,0,0,0,,,0,0,0,0.00,0,0,0:00:00,,,,
Outside,Saturday,8,4,08/04/18,529,5.13,0,08:59,6.691,46,0,0,0.26,0,19:14,3.120,5,0,529,5.39,51,0,0:51:00,6:35 PM,,,
,Sunday,8,5,08/05/18,0,0,0,,,0,0,0,0,0,,,0,0,0,0.00,0,0,0:00:00,,,,
Outside,Monday,8,6,08/06/18,57,0.53,0,08:30,7.066,4,30,0,0.04,0,12:30,4.800,0,30,57,0.57,5,0,0:05:00,11:00 AM,,,
,Tuesday,8,7,08/07/18,0,0,0,,,0,0,0,0,0,,,0,0,0,0.00,0,0,0:00:00,,,,
Outside,Wednesday,8,8,08/08/18,431,4.18,0,09:06,6.600,38,0,0,0.21,0,19:03,3.150,4,0,431,4.39,42,0,0:42:00,10:20 AM,,,
,Thursday,8,9,08/09/18,0,0,0,,,0,0,0,0,0,,,0,0,0,0.00,0,0,0:00:00,,,,
Outside,Friday,8,10,08/10/18,446,4.34,0,09:13,6.510,40,0,0,0.21,0,19:03,3.150,4,0,446,4.55,44,0,0:44:00,10:30 AM,,,
,Saturday,8,11,08/11/18,0,0,0,,,0,0,0,0,0,,,0,0,0,0.00,0,0,0:00:00,,,,
Outside,Sunday,8,12,08/12/18,657,6.39,0,08:56,6.726,57,0,0,0.29,0,17:15,3.480,5,0,657,6.68,62,0,1:02:00,7:30 PM,,,
Outside,Monday,8,13,08/13/18,370,3.53,0,08:47,6.832,31,0,0,0.24,0,16:40,3.600,4,0,370,3.77,35,0,0:35:00,10:30 AM,,,
,Tuesday,8,14,08/14/18,0,0,0,,,0,0,0,0,0,,,0,0,0,0.00,0,0,0:00:00,,,,
Outside,Wednesday,8,15,08/15/18,206,1.89,0,09:00,6.670,17,0,0,0.25,0,20:00,3.000,5,0,206,2.14,22,0,0:22:00,5:00 PM,,,
Outside,Thursday,8,16,08/16/18,434,4.17,0,08:24,7.148,35,0,0,0.21,0,19:03,3.150,4,0,434,4.38,39,0,0:39:00,5:40 PM,,,
Outside,Friday,8,17,08/17/18,436,4.24,0,08:30,7.066,36,0,0,0.16,0,18:45,3.200,3,0,436,4.40,39,0,0:39:00,7:00 PM,,,
,Saturday,8,18,08/18/18,0,0,0,,,0,0,0,0,0,,,0,0,0,0.00,0,0,0:00:00,,,,
,Sunday,8,19,08/19/18,0,0,0,,,0,0,0,0,0,,,0,0,0,0.00,0,0,0:00:00,,,,
Outside,Monday,8,20,08/20/18,506,4.42,0,08:43,6.888,38,30,0,0.95,0,19:29,3.081,18,30,506,5.37,57,0,0:57:00,10:25 AM,,,
,Tuesday,8,21,08/21/18,0,0,0,,,0,0,0,0,0,,,0,0,0,0.00,0,0,0:00:00,,,,
Outside,Wednesday,8,22,08/22/18,429,4.16,0,08:54,6.745,37,0,0,0.21,0,19:03,3.150,4,0,429,4.37,41,0,0:41:00,10:30 AM,,,
Outside,Thursday,8,23,08/23/18,432,4.18,0,08:52,6.778,37,0,0,0.21,0,19:03,3.150,4,0,432,4.39,41,0,0:41:00,10:35 AM,,,
,Friday,8,24,08/24/18,0,0,0,,,0,0,0,0,0,,,0,0,0,0.00,0,0,0:00:00,,,,
Ike,Saturday,8,25,08/25/18,253,2.11,8:30,08:32,7.033,18,0,17,0.24,14:53,14:56,4.018,3,35,270,2.35,21,35,0:21:35,4:50 PM,,,
Ike,Sunday,8,26,08/26/18,487,4.08,8:19,08:20,7.200,34,0,25,0.33,15:04,15:10,3.960,5,0,512,4.41,39,0,0:39:00,6:00 PM,,,
,Monday,8,27,08/27/18,0,0,0,,,0,0,0,0,0,,,0,0,0,0.00,0,0,0:00:00,,,,
Ike,Tuesday,8,28,08/28/18,480,4.01,8:28,08:29,7.076,34,0,24,0.33,15:04,15:10,3.960,5,0,504,4.34,39,0,0:39:00,4:20 PM,,,
Ike,Wednesday,8,29,08/29/18,487,4.07,8:20,08:22,7.182,34,0,24,0.33,14:58,15:10,3.960,5,0,511,4.40,39,0,0:39:00,7:15 PM,,,
,Thursday,8,30,08/30/18,0,0,0,,,0,0,0,0,0,,,0,0,0,0.00,0,0,0:00:00,,,,
Ike,Friday,8,31,08/31/18,488,4.08,8:19,08:20,7.200,34,0,24,0.34,14:58,14:43,4.080,5,0,512,4.42,39,0,0:39:00,3:05 PM,,,
Ike,Saturday,9,1,09/01/18,517,4.34,7:49,07:51,7.658,34,0,24,0.34,14:58,14:43,4.080,5,0,541,4.68,39,0,0:39:00,9:45 AM,,,
Ike,Sunday,9,2,09/02/18,511,4.30,7:54,07:55,7.588,34,0,24,0.33,15:04,15:10,3.960,5,0,535,4.63,39,0,0:39:00,3:25 PM,,,
Ike,Monday,9,3,09/03/18,508,4.27,7:57,07:58,7.535,34,0,24,0.33,15:04,15:10,3.960,5,0,532,4.60,39,0,0:39:00,3:25 PM,,,
Ike,Tuesday,9,4,09/04/18,334,2.78,8:59,09:00,6.672,25,0,24,0.33,15:01,15:10,3.960,5,0,358,3.11,30,0,0:30:00,10:20 AM,,,
,Wednesday,9,5,09/05/18,0,0,0,,,0,0,0,0,0,,,0,0,0,0.00,0,0,0:00:00,,,,
Elliptical,Thursday,9,6,09/06/18,229,1.51,11:14,11:16,5.329,17,0,20,0.27,12:14,12:36,4.764,3,24,249,1.78,20,24,0:20:24,10:50 AM,,,
Ike,Friday,9,7,09/07/18,487,4.08,8:19,08:20,7.200,34,0,24,0.33,15:04,15:10,3.960,5,0,511,4.41,39,0,0:39:00,11:50 AM,,,
Ike,Saturday,9,8,09/08/18,507,4.26,7:58,07:59,7.517,34,0,24,0.33,15:01,15:10,3.960,5,0,531,4.59,39,0,0:39:00,11:05 AM,,,
Ike,Sunday,9,9,09/09/18,512,4.30,7:53,07:55,7.588,34,0,24,0.33,15:04,15:10,3.960,5,0,536,4.63,39,0,0:39:00,10:20 AM,,,
,Monday,9,10,09/10/18,0,0,0,,,0,0,0,0,0,,,0,0,0,0.00,0,0,0:00:00,,,,
Ike,Tuesday,9,11,09/11/18,523,4.40,7:42,07:44,7.764,34,0,24,0.34,15:04,14:43,4.080,5,0,547,4.74,39,0,0:39:00,11:05 AM,,,
Ike,Wednesday,9,12,09/12/18,507,4.26,7:58,07:59,7.517,34,0,25,0.34,15:04,14:43,4.080,5,0,532,4.60,39,0,0:39:00,4:40 PM,,,
Ike,Thursday,9,13,09/13/18,524,4.41,7:42,07:43,7.782,34,0,24,0.33,15:01,15:10,3.960,5,0,548,4.74,39,0,0:39:00,4:55 PM,,,
Ike,Friday,9,14,09/14/18,507,4.26,7:58,07:59,7.517,34,0,25,0.33,14:58,15:10,3.960,5,0,532,4.59,39,0,0:39:00,11:50 AM,,,
Ike,Saturday,9,15,09/15/18,372,3.11,8:21,08:22,7.176,26,0,24,0.33,14:58,15:10,3.960,5,0,396,3.44,31,0,0:31:00,10:00 AM,,,
Ike,Sunday,9,16,09/16/18,515,4.32,7:51,07:53,7.623,34,0,24,0.34,15:01,14:43,4.080,5,0,539,4.66,39,0,0:39:00,5:15 PM,,,
,Monday,9,17,09/17/18,0,0,0,,,0,0,0,0,0,,,0,0,0,0.00,0,0,0:00:00,,,,
Ike,Tuesday,9,18,09/18/18,507,4.26,7:58,07:59,7.517,34,0,24,0.33,14:58,15:10,3.960,5,0,531,4.59,39,0,0:39:00,10:45 AM,,,
Elliptical,Wednesday,9,19,09/19/18,369,1.40,12:04,12:09,4.941,17,0,10,0.17,19:52,20:00,3.000,3,24,379,1.57,20,24,0:20:24,4:25 PM,,,
Ike,Thursday,9,20,09/20/18,557,4.72,7:12,07:13,8.329,34,0,25,0.33,14:57,15:10,3.960,5,0,582,5.05,39,0,0:39:00,5:45 PM,,,
Ike,Friday,9,21,09/21/18,300,2.52,7:55,07:57,7.560,20,0,19,0.26,14:57,15:24,3.900,4,0,319,2.78,24,0,0:24:00,11:20 AM,,,
Ike,Saturday,9,22,09/22/18,525,4.43,7:40,07:41,7.817,34,0,25,0.33,15:04,15:10,3.960,5,0,550,4.76,39,0,0:39:00,12:10 PM,,,
Ike,Sunday,9,23,09/23/18,509,4.28,7:56,07:57,7.552,34,0,24,0.33,15:04,15:10,3.960,5,0,533,4.61,39,0,0:39:00,10:05 AM,,,
,Monday,9,24,09/24/18,0,0,0,,,0,0,0,0,0,,,0,0,0,0.00,0,0,0:00:00,,,,
Ike,Tuesday,9,25,09/25/18,510,4.28,7:55,07:57,7.552,34,0,24,0.34,15:01,14:43,4.080,5,0,534,4.62,39,0,0:39:00,10:55 AM,,,
Ike,Wednesday,9,26,09/26/18,550,4.65,7:18,07:19,8.205,34,0,24,0.33,15:01,15:10,3.960,5,0,574,4.98,39,0,0:39:00,4:40 PM,,,
Ike,Thursday,9,27,09/27/18,509,4.27,7:56,07:58,7.535,34,0,24,0.34,14:58,14:43,4.080,5,0,533,4.61,39,0,0:39:00,4:55 PM,,,
Ike,Friday,9,28,09/28/18,187,1.57,7:55,07:58,7.536,12,30,12,0.17,15:01,14:43,4.080,2,30,199,1.74,15,0,0:15:00,11:10 AM,,,
Arc,Saturday,9,29,09/29/18,581,4.48,0,07:36,7.905,34,0,28,0.34,0,14:43,4.080,5,0,609,4.82,39,0,0:39:00,10:10 AM,,,
Ike,Sunday,9,30,09/30/18,509,4.28,7:56,07:57,7.552,34,0,35,0.33,14:56,15:10,3.960,5,0,544,4.61,39,0,0:39:00,10:50 AM,,,
,Monday,10,1,10/01/18,0,0,0,,,0,0,0,0,0,,,0,0,0,0.00,0,0,0:00:00,,,,
Ike,Tuesday,10,2,10/02/18,510,4.28,7:56,07:57,7.552,34,0,24,0.33,14:58,15:10,3.960,5,0,534,4.61,39,0,0:39:00,11:00 AM,,,
Ike,Wednesday,10,3,10/03/18,553,4.67,7:16,07:17,8.241,34,0,24,0.34,14:57,14:43,4.080,5,0,577,5.01,39,0,0:39:00,4:35 PM,,,
Ike,Thursday,10,4,10/04/18,510,4.28,7:55,07:57,7.552,34,0,24,0.34,14:58,14:43,4.080,5,0,534,4.62,39,0,0:39:00,11:00 AM,,,
Ike,Friday,10,5,10/05/18,510,4.29,7:55,07:56,7.570,34,0,23,0.33,15:04,15:10,3.960,5,0,533,4.62,39,0,0:39:00,11:30 AM,,,
Ike,Saturday,10,6,10/06/18,257,2.16,7:52,07:53,7.623,17,0,16,0.22,14:52,15:28,3.882,3,24,273,2.38,20,24,0:20:24,5:00 PM,,,
Ike,Sunday,10,7,10/07/18,510,4.28,7:55,07:57,7.552,34,0,24,0.34,14:58,14:43,4.080,5,0,534,4.62,39,0,0:39:00,10:20 AM,,,
,Monday,10,8,10/08/18,0,0,0,,,0,0,0,0,0,,,0,0,0,0.00,0,0,0:00:00,,,,
Ike,Tuesday,10,9,10/09/18,838,7.00,8:34,08:35,7.000,60,0,24,0.33,15:04,15:10,3.960,5,0,862,7.33,65,0,1:05:00,10:00 AM,,,
Ike,Wednesday,10,10,10/10/18,510,4.28,7:55,07:57,7.552,34,0,24,0.34,15:04,14:43,4.080,5,0,534,4.62,39,0,0:39:00,4:40 PM,,,
Ike,Thursday,10,11,10/11/18,645,5.40,8:19,08:20,7.200,45,0,24,0.33,15:04,15:10,3.960,5,0,669,5.73,50,0,0:50:00,11:15 AM,,,
Ike,Friday,10,12,10/12/18,482,4.03,8:35,08:27,7.111,34,0,17,0.23,15:05,15:22,3.905,3,32,499,4.26,37,32,0:37:32,11:25 AM,,,
Ike,Saturday,10,13,10/13/18,693,5.78,8:38,08:40,6.936,50,0,24,0.33,14:58,15:10,3.960,5,0,717,6.11,55,0,0:55:00,9:45 AM,,,
Ike,Sunday,10,14,10/14/18,259,2.21,6:47,06:48,8.840,15,0,15,0.19,15:06,15:48,3.800,3,0,274,2.40,18,0,0:18:00,10:05 AM,,,
,Monday,10,15,10/15/18,0,0,0,,,0,0,0,0,0,,,0,0,0,0.00,0,0,0:00:00,,,,
Ike,Tuesday,10,16,10/16/18,511,4.29,7:54,07:56,7.570,34,0,24,0.34,14:58,14:43,4.080,5,0,535,4.63,39,0,0:39:00,11:15 AM,,,
,Wednesday,10,17,10/17/18,0,0,0,,,0,0,0,0,0,,,0,0,0,0.00,0,0,0:00:00,,,,
Ike,Thursday,10,18,10/18/18,842,7.03,8:31,08:33,7.030,60,0,24,0.33,15:04,15:10,3.960,5,0,866,7.36,65,0,1:05:00,9:30 AM,,,
Ike,Friday,10,19,10/19/18,593,5.02,7:09,07:11,8.366,36,0,24,0.34,14:57,14:43,4.080,5,0,617,5.36,41,0,0:41:00,11:20 AM,,,
,Saturday,10,20,10/20/18,0,0,0,,,0,0,0,0,0,,,0,0,0,0.00,0,0,0:00:00,,,,
,Sunday,10,21,10/21/18,0,0,0,,,0,0,0,0,0,,,0,0,0,0.00,0,0,0:00:00,,,,
Ike,Monday,10,22,10/22/18,510,4.28,7:55,07:57,7.552,34,0,24,0.34,14:58,14:43,4.080,5,0,534,4.62,39,0,0:39:00,5:10 PM,,,
Ike,Tuesday,10,23,10/23/18,650,5.45,8:15,08:16,7.266,45,0,24,0.33,15:04,15:10,3.960,5,0,674,5.78,50,0,0:50:00,9:10 AM,,,
Ike,Wednesday,10,24,10/24/18,510,4.29,7:55,07:56,7.570,34,0,24,0.33,15:04,15:10,3.960,5,0,534,4.62,39,0,0:39:00,4:50 PM,,,
Ike,Thursday,10,25,10/25/18,657,5.50,8:10,08:11,7.333,45,0,24,0.34,15:04,14:43,4.080,5,0,681,5.84,50,0,0:50:00,11:20 AM,,,
Ike,Friday,10,26,10/26/18,510,4.28,7:55,07:57,7.552,34,0,24,0.34,14:58,14:43,4.080,5,0,534,4.62,39,0,0:39:00,11:15 AM,,,
Ike,Saturday,10,27,10/27/18,248,2.07,8:41,08:42,6.900,18,0,18,0.24,14:58,15:00,4.000,3,36,266,2.31,21,36,0:21:36,10:30 AM,,,
Ike,Sunday,10,28,10/28/18,873,7.31,8:12,08:13,7.310,60,0,24,0.34,14:58,14:43,4.080,5,0,897,7.65,65,0,1:05:00,10:35 AM,,,
,Monday,10,29,10/29/18,0,0,0,,,0,0,0,0,0,,,0,0,0,0.00,0,0,0:00:00,,,,
Ike,Tuesday,10,30,10/30/18,660,5.53,8:07,08:09,7.373,45,0,24,0.33,15:04,15:10,3.960,5,0,684,5.86,50,0,0:50:00,9:20 AM,,,
Ike,Wednesday,10,31,10/31/18,510,4.29,7:55,07:56,7.570,34,0,24,0.33,15:04,15:10,3.960,5,0,534,4.62,39,0,0:39:00,,,,
Ike,Thursday,11,1,11/01/18,650,5.44,8:15,08:17,7.253,45,0,24,0.33,15:04,15:10,3.960,5,0,674,5.77,50,0,0:50:00,11:15 AM,,,
Ike,Friday,11,2,11/02/18,510,4.28,7:55,07:57,7.552,34,0,24,0.34,14:58,14:43,4.080,5,0,534,4.62,39,0,0:39:00,11:10 AM,,,
Ike,Saturday,11,3,11/03/18,280,2.34,8:32,08:33,7.020,20,0,19,0.26,14:58,15:24,3.900,4,0,299,2.60,24,0,0:24:00,10:50 AM,,,
Ike,Sunday,11,4,11/04/18,873,7.31,8:12,08:13,7.310,60,0,24,0.33,15:01,15:10,3.960,5,0,897,7.64,65,0,1:05:00,9:30 AM,,,
Ike,Monday,11,5,11/05/18,540,4.54,"7:50, 7:58",07:56,7.566,35,60,20,0.27,14:57,15:12,3.951,4,6,560,4.81,40,6,0:40:06,4:50 PM,,,
Ike,Tuesday,11,6,11/06/18,665,5.56,8:15,08:17,7.252,46,0,24,0.34,15:04,14:43,4.080,5,0,689,5.90,51,0,0:51:00,9:15 AM,,,
Ike,Wednesday,11,7,11/07/18,510,4.28,7:55,07:57,7.552,34,0,24,0.33,15:04,15:10,3.960,5,0,534,4.61,39,0,0:39:00,4:35 PM,,,
Ike,Thursday,11,8,11/08/18,735,6.16,8:06,08:08,7.392,50,0,24,0.33,15:04,15:10,3.960,5,0,759,6.49,55,0,0:55:00,11:20 AM,,,
Ike,Friday,11,9,11/09/18,510,4.28,7:55,07:57,7.552,34,0,24,0.34,14:58,14:43,4.080,5,0,534,4.62,39,0,0:39:00,11:10 AM,,,
Ike,Saturday,11,10,11/10/18,283,2.36,8:27,08:29,7.080,20,0,19,0.27,14:58,14:49,4.050,4,0,302,2.63,24,0,0:24:00,9:40 AM,,,
Ike,Sunday,11,11,11/11/18,904,7.60,7:53,07:54,7.600,60,0,25,0.33,15:01,15:10,3.960,5,0,929,7.93,65,0,1:05:00,10:10 AM,,,
,Monday,11,12,11/12/18,0,0,0,,,0,0,0,0,0,,,0,0,0,0.00,0,0,0:00:00,,,,
,Tuesday,11,13,11/13/18,0,0,0,,,0,0,0,0,0,,,0,0,0,0.00,0,0,0:00:00,,,,
,Wednesday,11,14,11/14/18,0,0,0,,,0,0,0,0,0,,,0,0,0,0.00,0,0,0:00:00,,,,
Ike,Thursday,11,15,11/15/18,667,5.60,8:01,08:03,7.466,45,0,24,0.33,15:04,15:10,3.960,5,0,691,5.93,50,0,0:50:00,10:20 AM,,,
Ike,Friday,11,16,11/16/18,510,4.28,7:55,07:57,7.552,34,0,24,0.34,14:58,14:43,4.080,5,0,534,4.62,39,0,0:39:00,11:20 AM,,,
Field House,Saturday,11,17,11/17/18,467,4.57,0,09:14,6.502,42,10,0,0.24,0,16:40,3.600,4,0,467,4.81,46,10,0:46:10,11:55 AM,,,
WN Track,Sunday,11,18,11/18/18,563,5.45,0,08:32,7.032,46,30,0,0.25,0,17:00,3.529,4,15,563,5.70,50,45,0:50:45,10:30 AM,,,
Outside,Monday,11,19,11/19/18,519,5.04,0,08:44,6.872,44,0,0,0.23,0,17:24,3.450,4,0,519,5.27,48,0,0:48:00,10:35 AM,,,
Outside,Tuesday,11,20,11/20/18,575,5.51,0,08:43,6.887,48,0,0,0.34,0,17:39,3.400,6,0,575,5.85,54,0,0:54:00,12:20 PM,,,
Outside,Wednesday,11,21,11/21/18,558,5.40,0,08:48,6.821,47,30,0,0.27,0,18:32,3.240,5,0,558,5.67,52,30,0:52:30,10:30 AM,,,
Outside,Thursday,11,22,11/22/18,406,3.85,0,08:19,7.218,32,0,0,0.27,0,18:32,3.240,5,0,406,4.12,37,0,0:37:00,11:00 AM,,,
Outside,Friday,11,23,11/23/18,304,2.80,0,07:52,7.636,22,0,0,0.30,0,16:40,3.600,5,0,304,3.10,27,0,0:27:00,1:20 PM,,,
Outside,Saturday,11,24,11/24/18,307,2.82,0,08:10,7.356,23,0,0,0.31,0,16:08,3.720,5,0,307,3.13,28,0,0:28:00,3:45 PM,,,
Ike,Sunday,11,25,11/25/18,543,4.57,"7:30, 7:42",07:40,7.834,34,60,22,0.3,15:01,15:14,3.941,4,34,565,4.87,39,34,0:39:34,4:00 PM,,,
,Monday,11,26,11/26/18,0,0,0,,,0,0,0,0,0,,,0,0,0,0.00,0,0,0:00:00,,,,
Ike,Tuesday,11,27,11/27/18,769,6.47,7:45,07:46,7.725,50,15,24,0.33,14:58,15:10,3.960,5,0,793,6.80,55,15,0:55:15,8:45 AM,,,
Ike,Wednesday,11,28,11/28/18,510,4.29,7:55,07:56,7.570,34,0,24,0.33,14:58,15:10,3.960,5,0,534,4.62,39,0,0:39:00,4:40 PM,,,
Ike,Thursday,11,29,11/29/18,658,5.51,8:09,08:11,7.346,45,0,24,0.33,14:57,15:10,3.960,5,0,682,5.84,50,0,0:50:00,3:40 PM,,,
Ike,Friday,11,30,11/30/18,510,4.28,7:55,07:57,7.552,34,0,24,0.34,15:01,14:43,4.080,5,0,534,4.62,39,0,0:39:00,4:00 PM,,,
Ike,Saturday,12,1,12/01/18,284,2.37,8:24,08:27,7.110,20,0,19,0.27,15:01,14:49,4.050,4,0,303,2.64,24,0,0:24:00,10:35 AM,,,
Ike,Sunday,12,2,12/02/18,938,7.91,7:35,07:36,7.910,60,0,24,0.33,15:01,15:10,3.960,5,0,962,8.24,65,0,1:05:00,9:45 AM,,,
Ike,Monday,12,3,12/03/18,180,4.28,0,07:57,7.552,34,0,12,0.16,15:01,15:00,4.000,2,24,192,4.44,36,24,0:36:24,,,,
Ike,Tuesday,12,4,12/04/18,647,5.42,8:17,08:19,7.226,45,0,24,0.33,14:58,15:10,3.960,5,0,671,5.75,50,0,0:50:00,9:00 AM,,,
,Wednesday,12,5,12/05/18,0,0,0,,,0,0,0,0,0,,,0,0,0,0.00,0,0,0:00:00,,,,
Ike,Thursday,12,6,12/06/18,625,5.23,8:17,08:14,7.297,43,0,24,0.34,15:01,14:43,4.080,5,0,649,5.57,48,0,0:48:00,10:55 AM,,,
Ike,Friday,12,7,12/07/18,588,4.91,8:32,08:34,7.014,42,0,25,0.33,15:04,15:10,3.960,5,0,613,5.24,47,0,0:47:00,3:50 PM,,,
Ike,Saturday,12,8,12/08/18,409,3.40,8:48,08:50,6.800,30,0,24,0.34,14:58,14:43,4.080,5,0,433,3.74,35,0,0:35:00,10:30 AM,,,
Ike,Sunday,12,9,12/09/18,916,7.71,7:46,07:47,7.710,60,0,25,0.33,14:58,15:10,3.960,5,0,941,8.04,65,0,1:05:00,9:50 AM,,,
Ike,Monday,12,10,12/10/18,510,4.28,7:55,07:57,7.552,34,0,24,0.34,14:58,14:43,4.080,5,0,534,4.62,39,0,0:39:00,4:50 PM,,,
,Tuesday,12,11,12/11/18,0,0,0,,,0,0,0,0,0,,,0,0,0,0.00,0,0,0:00:00,,,,
,Wednesday,12,12,12/12/18,0,0,0,,,0,0,0,0,0,,,0,0,0,0.00,0,0,0:00:00,,,,
Ike,Thursday,12,13,12/13/18,638,5.36,8:00,08:02,7.479,43,0,1,0.01,18:46,16:40,3.600,0,10,639,5.37,43,10,0:43:10,10:45 AM,,,
Ike,Friday,12,14,12/14/18,510,4.28,7:55,07:57,7.552,34,0,24,0.33,15:04,15:10,3.960,5,0,534,4.61,39,0,0:39:00,3:50 PM,,,
Ike,Saturday,12,15,12/15/18,408,3.37,8:49,08:55,6.740,30,0,25,0.33,15:01,15:10,3.960,5,0,433,3.70,35,0,0:35:00,10:25 AM,,,
Ike,Sunday,12,16,12/16/18,689,5.81,7:28,07:30,8.013,43,30,24,0.33,14:58,15:10,3.960,5,0,713,6.14,48,30,0:48:30,10:00 AM,,,
Ike,Monday,12,17,12/17/18,482,4.01,8:58,08:59,6.683,36,0,24,0.33,14:58,15:10,3.960,5,0,506,4.34,41,0,0:41:00,10:20 AM,,,
Ike,Tuesday,12,18,12/18/18,665,5.58,8:03,08:04,7.440,45,0,24,0.33,14:58,15:10,3.960,5,0,689,5.91,50,0,0:50:00,10:30 AM,,,
Ike,Wednesday,12,19,12/19/18,403,3.35,8:57,08:58,6.700,30,0,24,0.33,15:04,15:10,3.960,5,0,427,3.68,35,0,0:35:00,9:35 AM,,,
Ike,Thursday,12,20,12/20/18,657,5.51,8:09,08:11,7.346,45,0,24,0.33,15:04,15:10,3.960,5,0,681,5.84,50,0,0:50:00,10:20 AM,,,
Outside,Friday,12,21,12/21/18,467,4.47,0,08:31,7.057,38,0,0,0.26,0,16:21,3.670,4,15,467,4.73,42,15,0:42:15,11:05 AM,,,
Outside,Saturday,12,22,12/22/18,399,3.80,0,08:57,6.705,34,0,0,0.30,0,16:40,3.600,5,0,399,4.10,39,0,0:39:00,10:45 AM,,,
Outside,Sunday,12,23,12/23/18,862,8.36,0,08:30,7.064,71,0,0,0.33,0,15:10,3.960,5,0,862,8.69,76,0,1:16:00,10:00 AM,,,
Outside,Monday,12,24,12/24/18,381,3.61,0,08:19,7.220,30,0,0,0.26,0,17:19,3.466,4,30,381,3.87,34,30,0:34:30,11:00 AM,,,
Outside,Tuesday,12,25,12/25/18,370,3.51,0,08:42,6.904,30,30,0,0.29,0,17:15,3.480,5,0,370,3.80,35,30,0:35:30,11:00 AM,,,
Outside,Wednesday,12,26,12/26/18,424,4.08,0,08:35,6.994,35,0,0,0.23,0,18:29,3.247,4,15,424,4.31,39,15,0:39:15,10:50 AM,,,
,Thursday,12,27,12/27/18,0,0,0,,,0,0,0,0,0,,,0,0,0,0.00,0,0,0:00:00,,,,
Outside,Friday,12,28,12/28/18,427,4.08,0,08:20,7.200,34,0,0,0.24,0,17:43,3.388,4,15,427,4.32,38,15,0:38:15,11:15 AM,,,
Outside,Saturday,12,29,12/29/18,351,3.35,0,09:34,6.281,32,0,0,0.31,0,18:17,3.282,5,40,351,3.66,37,40,0:37:40,10:30 AM,,,
Outside,Sunday,12,30,12/30/18,524,5.04,0,08:32,7.032,43,0,0,0.26,0,17:19,3.466,4,30,524,5.30,47,30,0:47:30,11:10 AM,,,
,Monday,12,31,12/31/18,0,0,0,,,0,0,0,0,0,,,0,0,0,0.00,0,0,0:00:00,,,,
Outside,Tuesday,1,1,01/01/19,221,2.01,0,08:28,7.094,17,0,0,0.27,0,17:36,3.410,4,45,221,2.28,21,45,0:21:45,11:00 AM,,,
Outside,Wednesday,1,2,01/02/19,567,5.52,0,08:53,6.759,49,0,0,0.23,0,19:00,3.160,4,22,567,5.75,53,22,0:53:22,10:30 AM,,,
Outside,Thursday,1,3,01/03/19,429,4.13,0,08:44,6.883,36,0,0,0.23,0,19:13,3.124,4,25,429,4.36,40,25,0:40:25,10:50 AM,,,
Outside,Friday,1,4,01/04/19,269,2.51,0,08:46,6.845,22,0,0,0.25,0,18:20,3.272,4,35,269,2.76,26,35,0:26:35,11:20 AM,,,
Outside,Saturday,1,5,01/05/19,1340,13.30,0,09:02,6.650,120,0,0,0.27,0,18:32,3.240,5,0,1340,13.57,125,0,2:05:00,11:00 AM,,,
Outside,Sunday,1,6,01/06/19,154,1.35,0,08:54,6.750,12,0,0,0.27,0,17:55,3.351,4,50,154,1.62,16,50,0:16:50,11:05 AM,,,
,Monday,1,7,01/07/19,0,0,0,,,0,0,0,0,0,,,0,0,0,0.00,0,0,0:00:00,,,,
Outside,Tuesday,1,8,01/08/19,393,3.71,0,08:38,6.956,32,0,0,0.30,0,16:40,3.600,5,0,393,4.01,37,0,0:37:00,4:55 PM,,,
Outside,Wednesday,1,9,01/09/19,564,5.44,0,08:28,7.095,46,0,0,0.27,0,16:22,3.667,4,25,564,5.71,50,25,0:50:25,11:00 AM,,,
Outside,Thursday,1,10,01/10/19,427,4.10,0,08:33,7.028,35,0,0,0.24,0,18:25,3.260,4,25,427,4.34,39,25,0:39:25,10:40 AM,,,
Outside,Friday,1,11,01/11/19,664,6.47,0,08:49,6.810,57,0,0,0.28,0,17:52,3.360,5,0,664,6.75,62,0,1:02:00,11:00 AM,,,
,Saturday,1,12,01/12/19,0,0,0,,,0,0,0,0,0,,,0,0,0,0.00,0,0,0:00:00,,,,
Outside,Sunday,1,13,01/13/19,483,4.70,0,09:09,6.558,43,0,0,0.22,0,18:11,3.300,4,0,483,4.92,47,0,0:47:00,8:45 AM,,,
Ike,Monday,1,14,01/14/19,510,4.28,7:55,07:57,7.552,34,0,24,0.34,15:04,14:43,4.080,5,0,534,4.62,39,0,0:39:00,6:50 PM,,,
Ike,Tuesday,1,15,01/15/19,701,5.85,8:32,08:33,7.020,50,0,24,0.33,14:57,15:10,3.960,5,0,725,6.18,55,0,0:55:00,4:30 PM,,,
Ike,Wednesday,1,16,01/16/19,536,4.52,7:30,07:32,7.976,34,0,24,0.33,14:57,15:10,3.960,5,0,560,4.85,39,0,0:39:00,4:00 PM,,,
Ike,Thursday,1,17,01/17/19,282,2.35,8:28,08:31,7.050,20,0,19,0.27,14:58,14:49,4.050,4,0,301,2.62,24,0,0:24:00,12:05 PM,,,
Ike,Friday,1,18,01/18/19,510,4.29,7:55,07:56,7.570,34,0,24,0.33,15:04,15:10,3.960,5,0,534,4.62,39,0,0:39:00,4:00 PM,,,
,Saturday,1,19,01/19/19,0,0,0,,,0,0,0,0,0,,,0,0,0,0.00,0,0,0:00:00,,,,
Ike,Sunday,1,20,01/20/19,894,7.50,7:59,08:00,7.500,60,0,24,0.33,15:01,15:10,3.960,5,0,918,7.83,65,0,1:05:00,10:00 AM,,,
,Monday,1,21,01/21/19,0,0,0,,,0,0,0,0,0,,,0,0,0,0.00,0,0,0:00:00,,,,
,Tuesday,1,22,01/22/19,0,0,0,,,0,0,0,0,0,,,0,0,0,0.00,0,0,0:00:00,,,,
Ike,Wednesday,1,23,01/23/19,511,4.30,7:54,07:55,7.588,34,0,25,0.33,14:56,15:10,3.960,5,0,536,4.63,39,0,0:39:00,3:00 PM,,,
,Thursday,1,24,01/24/19,0,0,0,,,0,0,0,0,0,,,0,0,0,0.00,0,0,0:00:00,,,,
Ike,Friday,1,25,01/25/19,512,4.30,7:53,07:55,7.588,34,0,24,0.33,15:04,15:10,3.960,5,0,536,4.63,39,0,0:39:00,3:20 PM,,,
Ike,Saturday,1,26,01/26/19,287,2.40,8:18,08:20,7.200,20,0,19,0.27,14:58,14:49,4.050,4,0,306,2.67,24,0,0:24:00,10:30 AM,,,
,Sunday,1,27,01/27/19,0,0,0,,,0,0,0,0,0,,,0,0,0,0.00,0,0,0:00:00,,,,
Ike,Monday,1,28,01/28/19,512,4.30,7:53,07:55,7.588,34,0,24,0.33,15:04,15:10,3.960,5,0,536,4.63,39,0,0:39:00,11:10 AM,,,
Ike,Tuesday,1,29,01/29/19,512,4.30,7:53,07:55,7.588,34,0,24,0.34,14:58,14:43,4.080,5,0,536,4.64,39,0,0:39:00,4:55 PM,,,
,Wednesday,1,30,01/30/19,0,0,0,,,0,0,0,0,0,,,0,0,0,0.00,0,0,0:00:00,,,,
,Thursday,1,31,01/31/19,0,0,0,,,0,0,0,0,0,,,0,0,0,0.00,0,0,0:00:00,,,,
Ike,Friday,2,1,02/01/19,512,4.30,7:53,07:55,7.588,34,0,24,0.34,15:04,14:43,4.080,5,0,536,4.64,39,0,0:39:00,4:25 PM,,,
Ike,Saturday,2,2,02/02/19,299,2.51,7:57,07:59,7.530,20,0,19,0.27,14:57,14:49,4.050,4,0,318,2.78,24,0,0:24:00,4:05 PM,,,
Ike,Sunday,2,3,02/03/19,511,4.30,7:54,07:55,7.588,34,0,25,0.33,14:58,15:10,3.960,5,0,536,4.63,39,0,0:39:00,10:00 AM,,,
,Monday,2,4,02/04/19,0,0,0,,,0,0,0,0,0,,,0,0,0,0.00,0,0,0:00:00,,,,
,Tuesday,2,5,02/05/19,0,0,0,,,0,0,0,0,0,,,0,0,0,0.00,0,0,0:00:00,,,,
,Wednesday,2,6,02/06/19,0,0,0,,,0,0,0,0,0,,,0,0,0,0.00,0,0,0:00:00,,,,
,Thursday,2,7,02/07/19,0,0,0,,,0,0,0,0,0,,,0,0,0,0.00,0,0,0:00:00,,,,
Ike,Friday,2,8,02/08/19,512,4.30,7:53,07:55,7.588,34,0,24,0.33,15:04,15:10,3.960,5,0,536,4.63,39,0,0:39:00,9:20 AM,,,
,Saturday,2,9,02/09/19,0,0,0,,,0,0,0,0,0,,,0,0,0,0.00,0,0,0:00:00,,,,
Ike,Sunday,2,10,02/10/19,860,7.20,8:19,08:20,7.200,60,0,25,0.33,15:04,15:10,3.960,5,0,885,7.53,65,0,1:05:00,9:10 AM,,,
,Monday,2,11,02/11/19,0,0,0,,,0,0,0,0,0,,,0,0,0,0.00,0,0,0:00:00,,,,
,Tuesday,2,12,02/12/19,0,0,0,,,0,0,0,0,0,,,0,0,0,0.00,0,0,0:00:00,,,,
Ike,Wednesday,2,13,02/13/19,307,2.58,7:44,07:46,7.740,20,0,19,0.27,14:57,14:49,4.050,4,0,326,2.85,24,0,0:24:00,9:10 AM,,,
,Thursday,2,14,02/14/19,0,0,0,,,0,0,0,0,0,,,0,0,0,0.00,0,0,0:00:00,,,,
Ike,Friday,2,15,02/15/19,597,5.07,6:53,06:55,8.691,35,0,24,0.33,14:56,15:10,3.960,5,0,621,5.40,40,0,0:40:00,6:00 PM,,,
Ike,Saturday,2,16,02/16/19,280,2.33,8:33,08:36,6.990,20,0,19,0.27,14:58,14:49,4.050,4,0,299,2.60,24,0,0:24:00,10:10 AM,,,
Ike,Sunday,2,17,02/17/19,862,7.21,8:18,08:20,7.210,60,0,24,0.33,14:58,15:10,3.960,5,0,886,7.54,65,0,1:05:00,9:30 AM,,,
Ike,Monday,2,18,02/18/19,280,2.34,8:31,08:33,7.020,20,0,20,0.27,14:58,14:49,4.050,4,0,300,2.61,24,0,0:24:00,10:55 AM,,,
,Tuesday,2,19,02/19/19,0,0,0,,,0,0,0,0,0,,,0,0,0,0.00,0,0,0:00:00,,,,
,Wednesday,2,20,02/20/19,0,0,0,,,0,0,0,0,0,,,0,0,0,0.00,0,0,0:00:00,,,,
CRCE,Thursday,2,21,02/21/19,291,2.44,8:10,08:12,7.320,20,0,20,0.27,14:56,14:49,4.050,4,0,311,2.71,24,0,0:24:00,9:30 AM,,,
Ike,Friday,2,22,02/22/19,512,4.30,7:53,07:55,7.588,34,0,24,0.33,15:04,15:10,3.960,5,0,536,4.63,39,0,0:39:00,9:00 AM,,,
Ike,Saturday,2,23,02/23/19,951,8.03,7:28,07:29,8.030,60,0,24,0.33,15:04,15:10,3.960,5,0,975,8.36,65,0,1:05:00,7:15 PM,,,
Ike,Sunday,2,24,02/24/19,269,2.23,8:55,08:59,6.690,20,0,19,0.27,14:58,14:49,4.050,4,0,288,2.50,24,0,0:24:00,11:15 AM,,,
Ike,Monday,2,25,02/25/19,512,4.30,7:53,07:55,7.588,34,0,24,0.34,14:58,14:43,4.080,5,0,536,4.64,39,0,0:39:00,11:45 AM,,,
,Tuesday,2,26,02/26/19,0,0,0,,,0,0,0,0,0,,,0,0,0,0.00,0,0,0:00:00,,,,
Ike,Wednesday,2,27,02/27/19,512,4.30,7:53,07:55,7.588,34,0,24,0.34,15:04,14:43,4.080,5,0,536,4.64,39,0,0:39:00,9:25 AM,,,
Ike,Thursday,2,28,02/28/19,292,2.45,8:09,08:10,7.350,20,0,19,0.26,15:04,15:24,3.900,4,0,311,2.71,24,0,0:24:00,10:50 AM,,,
Ike,Friday,3,1,03/01/19,341,2.87,7:50,07:51,7.653,22,30,22,0.29,15:01,15:32,3.866,4,30,363,3.16,27,0,0:27:00,9:00 AM,,,
Ike,Saturday,3,2,03/02/19,871,7.30,8:12,08:14,7.300,60,0,25,0.33,15:01,15:10,3.960,5,0,896,7.63,65,0,1:05:00,10:00 AM,,,
Ike,Sunday,3,3,03/03/19,282,2.36,8:27,08:29,7.080,20,0,20,0.26,15:04,15:24,3.900,4,0,302,2.62,24,0,0:24:00,10:20 AM,,,
,Monday,3,4,03/04/19,0,0,0,,,0,0,0,0,0,,,0,0,0,0.00,0,0,0:00:00,,,,
CRCE,Tuesday,3,5,03/05/19,373,3.13,7:58,08:00,7.512,25,0,24,0.33,14:58,15:10,3.960,5,0,397,3.46,30,0,0:30:00,9:20 AM,,,
,Wednesday,3,6,03/06/19,0,0,0,,,0,0,0,0,0,,,0,0,0,0.00,0,0,0:00:00,,,,
CRCE,Thursday,3,7,03/07/19,363,2.57,0,07:47,7.710,20,0,0,0.35,0,14:18,4.200,5,0,363,2.92,25,0,0:25:00,9:25 AM,,,
Ike,Friday,3,8,03/08/19,524,4.42,7:41,07:42,7.800,34,0,24,0.33,15:04,15:10,3.960,5,0,548,4.75,39,0,0:39:00,6:00 PM,,,
Ike,Saturday,3,9,03/09/19,478,3.99,8:30,08:32,7.041,34,0,24,0.33,14:58,15:10,3.960,5,0,502,4.32,39,0,0:39:00,9:40 AM,,,
,Sunday,3,10,03/10/19,0,0,0,,,0,0,0,0,0,,,0,0,0,0.00,0,0,0:00:00,,,,
,Monday,3,11,03/11/19,0,0,0,,,0,0,0,0,0,,,0,0,0,0.00,0,0,0:00:00,,,,
CRCE,Tuesday,3,12,03/12/19,512,4.30,7:54,07:55,7.588,34,0,24,0.33,14:58,15:10,3.960,5,0,536,4.63,39,0,0:39:00,8:55 AM,,,
Ike,Wednesday,3,13,03/13/19,280,2.33,8:32,08:36,6.990,20,0,19,0.27,14:58,14:49,4.050,4,0,299,2.60,24,0,0:24:00,11:20 AM,,,
,Thursday,3,14,03/14/19,0,0,0,,,0,0,0,0,0,,,0,0,0,0.00,0,0,0:00:00,,,,
Ike,Friday,3,15,03/15/19,512,4.30,7:53,07:55,7.588,34,0,24,0.33,15:01,15:10,3.960,5,0,536,4.63,39,0,0:39:00,8:20 PM,,,
,Saturday,3,16,03/16/19,0,0,0,,,0,0,0,0,0,,,0,0,0,0.00,0,0,0:00:00,,,,
,Sunday,3,17,03/17/19,,,,,,,,,,,,,,,0,0.00,0,0,0:00:00,,,,
,Monday,3,18,03/18/19,,,,,,,,,,,,,,,0,0.00,0,0,0:00:00,,,,
,Tuesday,3,19,03/19/19,,,,,,,,,,,,,,,0,0.00,0,0,0:00:00,,,,
,Wednesday,3,20,03/20/19,,,,,,,,,,,,,,,0,0.00,0,0,0:00:00,,,,
,Thursday,3,21,03/21/19,,,,,,,,,,,,,,,0,0.00,0,0,0:00:00,,,,
,Friday,3,22,03/22/19,,,,,,,,,,,,,,,0,0.00,0,0,0:00:00,,,,
,Saturday,3,23,03/23/19,,,,,,,,,,,,,,,0,0.00,0,0,0:00:00,,,,
,Sunday,3,24,03/24/19,,,,,,,,,,,,,,,0,0.00,0,0,0:00:00,,,,
,Monday,3,25,03/25/19,,,,,,,,,,,,,,,0,0.00,0,0,0:00:00,,,,
,Tuesday,3,26,03/26/19,,,,,,,,,,,,,,,0,0.00,0,0,0:00:00,,,,
,Wednesday,3,27,03/27/19,,,,,,,,,,,,,,,0,0.00,0,0,0:00:00,,,,
,Thursday,3,28,03/28/19,,,,,,,,,,,,,,,0,0.00,0,0,0:00:00,,,,
,Friday,3,29,03/29/19,,,,,,,,,,,,,,,0,0.00,0,0,0:00:00,,,,
,Saturday,3,30,03/30/19,,,,,,,,,,,,,,,0,0.00,0,0,0:00:00,,,,
,Sunday,3,31,03/31/19,,,,,,,,,,,,,,,0,0.00,0,0,0:00:00,,,,
,Monday,4,1,04/01/19,,,,,,,,,,,,,,,0,0.00,0,0,0:00:00,,,,
,Tuesday,4,2,04/02/19,,,,,,,,,,,,,,,0,0.00,0,0,0:00:00,,,,
,Wednesday,4,3,04/03/19,,,,,,,,,,,,,,,0,0.00,0,0,0:00:00,,,,
,Thursday,4,4,04/04/19,,,,,,,,,,,,,,,0,0.00,0,0,0:00:00,,,,
,Friday,4,5,04/05/19,,,,,,,,,,,,,,,0,0.00,0,0,0:00:00,,,,
,Saturday,4,6,04/06/19,,,,,,,,,,,,,,,0,0.00,0,0,0:00:00,,,,
,Sunday,4,7,04/07/19,,,,,,,,,,,,,,,0,0.00,0,0,0:00:00,,,,
,Monday,4,8,04/08/19,,,,,,,,,,,,,,,0,0.00,0,0,0:00:00,,,,
,Tuesday,4,9,04/09/19,,,,,,,,,,,,,,,0,0.00,0,0,0:00:00,,,,
,Wednesday,4,10,04/10/19,,,,,,,,,,,,,,,0,0.00,0,0,0:00:00,,,,
,Thursday,4,11,04/11/19,,,,,,,,,,,,,,,0,0.00,0,0,0:00:00,,,,
,Friday,4,12,04/12/19,,,,,,,,,,,,,,,0,0.00,0,0,0:00:00,,,,
,Saturday,4,13,04/13/19,,,,,,,,,,,,,,,0,0.00,0,0,0:00:00,,,,
,Sunday,4,14,04/14/19,,,,,,,,,,,,,,,0,0.00,0,0,0:00:00,,,,
,Monday,4,15,04/15/19,,,,,,,,,,,,,,,0,0.00,0,0,0:00:00,,,,
,Tuesday,4,16,04/16/19,,,,,,,,,,,,,,,0,0.00,0,0,0:00:00,,,,
,Wednesday,4,17,04/17/19,,,,,,,,,,,,,,,0,0.00,0,0,0:00:00,,,,
,Thursday,4,18,04/18/19,,,,,,,,,,,,,,,0,0.00,0,0,0:00:00,,,,
,Friday,4,19,04/19/19,,,,,,,,,,,,,,,0,0.00,0,0,0:00:00,,,,
,Saturday,4,20,04/20/19,,,,,,,,,,,,,,,0,0.00,0,0,0:00:00,,,,
,Sunday,4,21,04/21/19,,,,,,,,,,,,,,,0,0.00,0,0,0:00:00,,,,
,Monday,4,22,04/22/19,,,,,,,,,,,,,,,0,0.00,0,0,0:00:00,,,,
,Tuesday,4,23,04/23/19,,,,,,,,,,,,,,,0,0.00,0,0,0:00:00,,,,
,Wednesday,4,24,04/24/19,,,,,,,,,,,,,,,0,0.00,0,0,0:00:00,,,,
,Thursday,4,25,04/25/19,,,,,,,,,,,,,,,0,0.00,0,0,0:00:00,,,,
,Friday,4,26,04/26/19,,,,,,,,,,,,,,,0,0.00,0,0,0:00:00,,,,
,Saturday,4,27,04/27/19,,,,,,,,,,,,,,,0,0.00,0,0,0:00:00,,,,
,Sunday,4,28,04/28/19,,,,,,,,,,,,,,,0,0.00,0,0,0:00:00,,,,
,Monday,4,29,04/29/19,,,,,,,,,,,,,,,0,0.00,0,0,0:00:00,,,,
,Tuesday,4,30,04/30/19,,,,,,,,,,,,,,,0,0.00,0,0,0:00:00,,,,
,Wednesday,5,1,05/01/19,,,,,,,,,,,,,,,0,0.00,0,0,0:00:00,,,,
,Thursday,5,2,05/02/19,,,,,,,,,,,,,,,0,0.00,0,0,0:00:00,,,,
,Friday,5,3,05/03/19,,,,,,,,,,,,,,,0,0.00,0,0,0:00:00,,,,
,Saturday,5,4,05/04/19,,,,,,,,,,,,,,,0,0.00,0,0,0:00:00,,,,
,Sunday,5,5,05/05/19,,,,,,,,,,,,,,,0,0.00,0,0,0:00:00,,,,
,Monday,5,6,05/06/19,,,,,,,,,,,,,,,0,0.00,0,0,0:00:00,,,,
,Tuesday,5,7,05/07/19,,,,,,,,,,,,,,,0,0.00,0,0,0:00:00,,,,
,Wednesday,5,8,05/08/19,,,,,,,,,,,,,,,0,0.00,0,0,0:00:00,,,,
,Thursday,5,9,05/09/19,,,,,,,,,,,,,,,0,0.00,0,0,0:00:00,,,,
,Friday,5,10,05/10/19,,,,,,,,,,,,,,,0,0.00,0,0,0:00:00,,,,
,Saturday,5,11,05/11/19,,,,,,,,,,,,,,,0,0.00,0,0,0:00:00,,,,
,Sunday,5,12,05/12/19,,,,,,,,,,,,,,,0,0.00,0,0,0:00:00,,,,
,Monday,5,13,05/13/19,,,,,,,,,,,,,,,0,0.00,0,0,0:00:00,,,,
,Tuesday,5,14,05/14/19,,,,,,,,,,,,,,,0,0.00,0,0,0:00:00,,,,
,Wednesday,5,15,05/15/19,,,,,,,,,,,,,,,0,0.00,0,0,0:00:00,,,,
,Thursday,5,16,05/16/19,,,,,,,,,,,,,,,0,0.00,0,0,0:00:00,,,,
,Friday,5,17,05/17/19,,,,,,,,,,,,,,,0,0.00,0,0,0:00:00,,,,
,Saturday,5,18,05/18/19,,,,,,,,,,,,,,,0,0.00,0,0,0:00:00,,,,
,Sunday,5,19,05/19/19,,,,,,,,,,,,,,,0,0.00,0,0,0:00:00,,,,
,Monday,5,20,05/20/19,,,,,,,,,,,,,,,0,0.00,0,0,0:00:00,,,,
,Tuesday,5,21,05/21/19,,,,,,,,,,,,,,,0,0.00,0,0,0:00:00,,,,
,Wednesday,5,22,05/22/19,,,,,,,,,,,,,,,0,0.00,0,0,0:00:00,,,,
,Thursday,5,23,05/23/19,,,,,,,,,,,,,,,0,0.00,0,0,0:00:00,,,,
,Friday,5,24,05/24/19,,,,,,,,,,,,,,,0,0.00,0,0,0:00:00,,,,
,Saturday,5,25,05/25/19,,,,,,,,,,,,,,,0,0.00,0,0,0:00:00,,,,
,Sunday,5,26,05/26/19,,,,,,,,,,,,,,,0,0.00,0,0,0:00:00,,,,
,Monday,5,27,05/27/19,,,,,,,,,,,,,,,0,0.00,0,0,0:00:00,,,,
,Tuesday,5,28,05/28/19,,,,,,,,,,,,,,,0,0.00,0,0,0:00:00,,,,
,Wednesday,5,29,05/29/19,,,,,,,,,,,,,,,0,0.00,0,0,0:00:00,,,,
,Thursday,5,30,05/30/19,,,,,,,,,,,,,,,0,0.00,0,0,0:00:00,,,,
,Friday,5,31,05/31/19,,,,,,,,,,,,,,,0,0.00,0,0,0:00:00,,,,
,Saturday,6,1,06/01/19,,,,,,,,,,,,,,,0,0.00,0,0,0:00:00,,,,
,Sunday,6,2,06/02/19,,,,,,,,,,,,,,,0,0.00,0,0,0:00:00,,,,
,Monday,6,3,06/03/19,,,,,,,,,,,,,,,0,0.00,0,0,0:00:00,,,,
,Tuesday,6,4,06/04/19,,,,,,,,,,,,,,,0,0.00,0,0,0:00:00,,,,
,Wednesday,6,5,06/05/19,,,,,,,,,,,,,,,0,0.00,0,0,0:00:00,,,,
,Thursday,6,6,06/06/19,,,,,,,,,,,,,,,0,0.00,0,0,0:00:00,,,,
,Friday,6,7,06/07/19,,,,,,,,,,,,,,,0,0.00,0,0,0:00:00,,,,
,Saturday,6,8,06/08/19,,,,,,,,,,,,,,,0,0.00,0,0,0:00:00,,,,
,Sunday,6,9,06/09/19,,,,,,,,,,,,,,,0,0.00,0,0,0:00:00,,,,
,Monday,6,10,06/10/19,,,,,,,,,,,,,,,0,0.00,0,0,0:00:00,,,,
,Tuesday,6,11,06/11/19,,,,,,,,,,,,,,,0,0.00,0,0,0:00:00,,,,
,Wednesday,6,12,06/12/19,,,,,,,,,,,,,,,0,0.00,0,0,0:00:00,,,,
,Thursday,6,13,06/13/19,,,,,,,,,,,,,,,0,0.00,0,0,0:00:00,,,,
,Friday,6,14,06/14/19,,,,,,,,,,,,,,,0,0.00,0,0,0:00:00,,,,
,Saturday,6,15,06/15/19,,,,,,,,,,,,,,,0,0.00,0,0,0:00:00,,,,
,Sunday,6,16,06/16/19,,,,,,,,,,,,,,,0,0.00,0,0,0:00:00,,,,
,Monday,6,17,06/17/19,,,,,,,,,,,,,,,0,0.00,0,0,0:00:00,,,,
,Tuesday,6,18,06/18/19,,,,,,,,,,,,,,,0,0.00,0,0,0:00:00,,,,
,Wednesday,6,19,06/19/19,,,,,,,,,,,,,,,0,0.00,0,0,0:00:00,,,,
,Thursday,6,20,06/20/19,,,,,,,,,,,,,,,0,0.00,0,0,0:00:00,,,,
,Friday,6,21,06/21/19,,,,,,,,,,,,,,,0,0.00,0,0,0:00:00,,,,
,Saturday,6,22,06/22/19,,,,,,,,,,,,,,,0,0.00,0,0,0:00:00,,,,
,Sunday,6,23,06/23/19,,,,,,,,,,,,,,,0,0.00,0,0,0:00:00,,,,
,Monday,6,24,06/24/19,,,,,,,,,,,,,,,0,0.00,0,0,0:00:00,,,,
,Tuesday,6,25,06/25/19,,,,,,,,,,,,,,,0,0.00,0,0,0:00:00,,,,
,Wednesday,6,26,06/26/19,,,,,,,,,,,,,,,0,0.00,0,0,0:00:00,,,,
,Thursday,6,27,06/27/19,,,,,,,,,,,,,,,0,0.00,0,0,0:00:00,,,,
,Friday,6,28,06/28/19,,,,,,,,,,,,,,,0,0.00,0,0,0:00:00,,,,
,Saturday,6,29,06/29/19,,,,,,,,,,,,,,,0,0.00,0,0,0:00:00,,,,
,Sunday,6,30,06/30/19,,,,,,,,,,,,,,,0,0.00,0,0,0:00:00,,,,
,Monday,7,1,07/01/19,,,,,,,,,,,,,,,0,0.00,0,0,0:00:00,,,,
,Tuesday,7,2,07/02/19,,,,,,,,,,,,,,,0,0.00,0,0,0:00:00,,,,
,Wednesday,7,3,07/03/19,,,,,,,,,,,,,,,0,0.00,0,0,0:00:00,,,,
,Thursday,7,4,07/04/19,,,,,,,,,,,,,,,0,0.00,0,0,0:00:00,,,,
,Friday,7,5,07/05/19,,,,,,,,,,,,,,,0,0.00,0,0,0:00:00,,,,
,Saturday,7,6,07/06/19,,,,,,,,,,,,,,,0,0.00,0,0,0:00:00,,,,
,Sunday,7,7,07/07/19,,,,,,,,,,,,,,,0,0.00,0,0,0:00:00,,,,
,Monday,7,8,07/08/19,,,,,,,,,,,,,,,0,0.00,0,0,0:00:00,,,,
,Tuesday,7,9,07/09/19,,,,,,,,,,,,,,,0,0.00,0,0,0:00:00,,,,
,Wednesday,7,10,07/10/19,,,,,,,,,,,,,,,0,0.00,0,0,0:00:00,,,,
,Thursday,7,11,07/11/19,,,,,,,,,,,,,,,0,0.00,0,0,0:00:00,,,,
,Friday,7,12,07/12/19,,,,,,,,,,,,,,,0,0.00,0,0,0:00:00,,,,
,Saturday,7,13,07/13/19,,,,,,,,,,,,,,,0,0.00,0,0,0:00:00,,,,
,Sunday,7,14,07/14/19,,,,,,,,,,,,,,,0,0.00,0,0,0:00:00,,,,
,Monday,7,15,07/15/19,,,,,,,,,,,,,,,0,0.00,0,0,0:00:00,,,,
,Tuesday,7,16,07/16/19,,,,,,,,,,,,,,,0,0.00,0,0,0:00:00,,,,
,Wednesday,7,17,07/17/19,,,,,,,,,,,,,,,0,0.00,0,0,0:00:00,,,,
,Thursday,7,18,07/18/19,,,,,,,,,,,,,,,0,0.00,0,0,0:00:00,,,,
,Friday,7,19,07/19/19,,,,,,,,,,,,,,,0,0.00,0,0,0:00:00,,,,
,Saturday,7,20,07/20/19,,,,,,,,,,,,,,,0,0.00,0,0,0:00:00,,,,
,Sunday,7,21,07/21/19,,,,,,,,,,,,,,,0,0.00,0,0,0:00:00,,,,
,Monday,7,22,07/22/19,,,,,,,,,,,,,,,0,0.00,0,0,0:00:00,,,,
,Tuesday,7,23,07/23/19,,,,,,,,,,,,,,,0,0.00,0,0,0:00:00,,,,
,Wednesday,7,24,07/24/19,,,,,,,,,,,,,,,0,0.00,0,0,0:00:00,,,,
,Thursday,7,25,07/25/19,,,,,,,,,,,,,,,0,0.00,0,0,0:00:00,,,,
,Friday,7,26,07/26/19,,,,,,,,,,,,,,,0,0.00,0,0,0:00:00,,,,
,Saturday,7,27,07/27/19,,,,,,,,,,,,,,,0,0.00,0,0,0:00:00,,,,
,Sunday,7,28,07/28/19,,,,,,,,,,,,,,,0,0.00,0,0,0:00:00,,,,
,Monday,7,29,07/29/19,,,,,,,,,,,,,,,0,0.00,0,0,0:00:00,,,,
,Tuesday,7,30,07/30/19,,,,,,,,,,,,,,,0,0.00,0,0,0:00:00,,,,
,Wednesday,7,31,07/31/19,,,,,,,,,,,,,,,0,0.00,0,0,0:00:00,,,,
,Thursday,8,1,08/01/19,,,,,,,,,,,,,,,0,0.00,0,0,0:00:00,,,,
,Friday,8,2,08/02/19,,,,,,,,,,,,,,,0,0.00,0,0,0:00:00,,,,
,Saturday,8,3,08/03/19,,,,,,,,,,,,,,,0,0.00,0,0,0:00:00,,,,
,Sunday,8,4,08/04/19,,,,,,,,,,,,,,,0,0.00,0,0,0:00:00,,,,
,Monday,8,5,08/05/19,,,,,,,,,,,,,,,0,0.00,0,0,0:00:00,,,,
,Tuesday,8,6,08/06/19,,,,,,,,,,,,,,,0,0.00,0,0,0:00:00,,,,
,Wednesday,8,7,08/07/19,,,,,,,,,,,,,,,0,0.00,0,0,0:00:00,,,,
,Thursday,8,8,08/08/19,,,,,,,,,,,,,,,0,0.00,0,0,0:00:00,,,,
,Friday,8,9,08/09/19,,,,,,,,,,,,,,,0,0.00,0,0,0:00:00,,,,
,Saturday,8,10,08/10/19,,,,,,,,,,,,,,,0,0.00,0,0,0:00:00,,,,
,Sunday,8,11,08/11/19,,,,,,,,,,,,,,,0,0.00,0,0,0:00:00,,,,
,Monday,8,12,08/12/19,,,,,,,,,,,,,,,0,0.00,0,0,0:00:00,,,,
,Tuesday,8,13,08/13/19,,,,,,,,,,,,,,,0,0.00,0,0,0:00:00,,,,
,Wednesday,8,14,08/14/19,,,,,,,,,,,,,,,0,0.00,0,0,0:00:00,,,,
,Thursday,8,15,08/15/19,,,,,,,,,,,,,,,0,0.00,0,0,0:00:00,,,,
,Friday,8,16,08/16/19,,,,,,,,,,,,,,,0,0.00,0,0,0:00:00,,,,
,Saturday,8,17,08/17/19,,,,,,,,,,,,,,,0,0.00,0,0,0:00:00,,,,
,Sunday,8,18,08/18/19,,,,,,,,,,,,,,,0,0.00,0,0,0:00:00,,,,
,Monday,8,19,08/19/19,,,,,,,,,,,,,,,0,0.00,0,0,0:00:00,,,,
,Tuesday,8,20,08/20/19,,,,,,,,,,,,,,,0,0.00,0,0,0:00:00,,,,
,Wednesday,8,21,08/21/19,,,,,,,,,,,,,,,0,0.00,0,0,0:00:00,,,,
,Thursday,8,22,08/22/19,,,,,,,,,,,,,,,0,0.00,0,0,0:00:00,,,,
,Friday,8,23,08/23/19,,,,,,,,,,,,,,,0,0.00,0,0,0:00:00,,,,
,Saturday,8,24,08/24/19,,,,,,,,,,,,,,,0,0.00,0,0,0:00:00,,,,
,Sunday,8,25,08/25/19,,,,,,,,,,,,,,,0,0.00,0,0,0:00:00,,,,
,Monday,8,26,08/26/19,,,,,,,,,,,,,,,0,0.00,0,0,0:00:00,,,,
,Tuesday,8,27,08/27/19,,,,,,,,,,,,,,,0,0.00,0,0,0:00:00,,,,
,Wednesday,8,28,08/28/19,,,,,,,,,,,,,,,0,0.00,0,0,0:00:00,,,,
,Thursday,8,29,08/29/19,,,,,,,,,,,,,,,0,0.00,0,0,0:00:00,,,,
,Friday,8,30,08/30/19,,,,,,,,,,,,,,,0,0.00,0,0,0:00:00,,,,
,Saturday,8,31,08/31/19,,,,,,,,,,,,,,,0,0.00,0,0,0:00:00,,,,
,Sunday,9,1,09/01/19,,,,,,,,,,,,,,,0,0.00,0,0,0:00:00,,,,
,Monday,9,2,09/02/19,,,,,,,,,,,,,,,0,0.00,0,0,0:00:00,,,,
,Tuesday,9,3,09/03/19,,,,,,,,,,,,,,,0,0.00,0,0,0:00:00,,,,
,Wednesday,9,4,09/04/19,,,,,,,,,,,,,,,0,0.00,0,0,0:00:00,,,,
,Thursday,9,5,09/05/19,,,,,,,,,,,,,,,0,0.00,0,0,0:00:00,,,,
,Friday,9,6,09/06/19,,,,,,,,,,,,,,,0,0.00,0,0,0:00:00,,,,
,Saturday,9,7,09/07/19,,,,,,,,,,,,,,,0,0.00,0,0,0:00:00,,,,
,Sunday,9,8,09/08/19,,,,,,,,,,,,,,,0,0.00,0,0,0:00:00,,,,
,Monday,9,9,09/09/19,,,,,,,,,,,,,,,0,0.00,0,0,0:00:00,,,,
,Tuesday,9,10,09/10/19,,,,,,,,,,,,,,,0,0.00,0,0,0:00:00,,,,
,Wednesday,9,11,09/11/19,,,,,,,,,,,,,,,0,0.00,0,0,0:00:00,,,,
,Thursday,9,12,09/12/19,,,,,,,,,,,,,,,0,0.00,0,0,0:00:00,,,,
,Friday,9,13,09/13/19,,,,,,,,,,,,,,,0,0.00,0,0,0:00:00,,,,
,Saturday,9,14,09/14/19,,,,,,,,,,,,,,,0,0.00,0,0,0:00:00,,,,
,Sunday,9,15,09/15/19,,,,,,,,,,,,,,,0,0.00,0,0,0:00:00,,,,
,Monday,9,16,09/16/19,,,,,,,,,,,,,,,0,0.00,0,0,0:00:00,,,,
,Tuesday,9,17,09/17/19,,,,,,,,,,,,,,,0,0.00,0,0,0:00:00,,,,
,Wednesday,9,18,09/18/19,,,,,,,,,,,,,,,0,0.00,0,0,0:00:00,,,,
,Thursday,9,19,09/19/19,,,,,,,,,,,,,,,0,0.00,0,0,0:00:00,,,,
,Friday,9,20,09/20/19,,,,,,,,,,,,,,,0,0.00,0,0,0:00:00,,,,
,Saturday,9,21,09/21/19,,,,,,,,,,,,,,,0,0.00,0,0,0:00:00,,,,
,Sunday,9,22,09/22/19,,,,,,,,,,,,,,,0,0.00,0,0,0:00:00,,,,
,Monday,9,23,09/23/19,,,,,,,,,,,,,,,0,0.00,0,0,0:00:00,,,,
,Tuesday,9,24,09/24/19,,,,,,,,,,,,,,,0,0.00,0,0,0:00:00,,,,
,Wednesday,9,25,09/25/19,,,,,,,,,,,,,,,0,0.00,0,0,0:00:00,,,,
,Thursday,9,26,09/26/19,,,,,,,,,,,,,,,0,0.00,0,0,0:00:00,,,,
,Friday,9,27,09/27/19,,,,,,,,,,,,,,,0,0.00,0,0,0:00:00,,,,
,Saturday,9,28,09/28/19,,,,,,,,,,,,,,,0,0.00,0,0,0:00:00,,,,
,Sunday,9,29,09/29/19,,,,,,,,,,,,,,,0,0.00,0,0,0:00:00,,,,
,Monday,9,30,09/30/19,,,,,,,,,,,,,,,0,0.00,0,0,0:00:00,,,,
,Tuesday,10,1,10/01/19,,,,,,,,,,,,,,,0,0.00,0,0,0:00:00,,,,
,Wednesday,10,2,10/02/19,,,,,,,,,,,,,,,0,0.00,0,0,0:00:00,,,,
,Thursday,10,3,10/03/19,,,,,,,,,,,,,,,0,0.00,0,0,0:00:00,,,,
,Friday,10,4,10/04/19,,,,,,,,,,,,,,,0,0.00,0,0,0:00:00,,,,
,Saturday,10,5,10/05/19,,,,,,,,,,,,,,,0,0.00,0,0,0:00:00,,,,
,Sunday,10,6,10/06/19,,,,,,,,,,,,,,,0,0.00,0,0,0:00:00,,,,
,Monday,10,7,10/07/19,,,,,,,,,,,,,,,0,0.00,0,0,0:00:00,,,,
,Tuesday,10,8,10/08/19,,,,,,,,,,,,,,,0,0.00,0,0,0:00:00,,,,
,Wednesday,10,9,10/09/19,,,,,,,,,,,,,,,0,0.00,0,0,0:00:00,,,,
,Thursday,10,10,10/10/19,,,,,,,,,,,,,,,0,0.00,0,0,0:00:00,,,,
,Friday,10,11,10/11/19,,,,,,,,,,,,,,,0,0.00,0,0,0:00:00,,,,
,Saturday,10,12,10/12/19,,,,,,,,,,,,,,,0,0.00,0,0,0:00:00,,,,
,Sunday,10,13,10/13/19,,,,,,,,,,,,,,,0,0.00,0,0,0:00:00,,,,
,Monday,10,14,10/14/19,,,,,,,,,,,,,,,0,0.00,0,0,0:00:00,,,,
,Tuesday,10,15,10/15/19,,,,,,,,,,,,,,,0,0.00,0,0,0:00:00,,,,
,Wednesday,10,16,10/16/19,,,,,,,,,,,,,,,0,0.00,0,0,0:00:00,,,,
,Thursday,10,17,10/17/19,,,,,,,,,,,,,,,0,0.00,0,0,0:00:00,,,,
,Friday,10,18,10/18/19,,,,,,,,,,,,,,,0,0.00,0,0,0:00:00,,,,
,Saturday,10,19,10/19/19,,,,,,,,,,,,,,,0,0.00,0,0,0:00:00,,,,
,Sunday,10,20,10/20/19,,,,,,,,,,,,,,,0,0.00,0,0,0:00:00,,,,
,Monday,10,21,10/21/19,,,,,,,,,,,,,,,0,0.00,0,0,0:00:00,,,,
,Tuesday,10,22,10/22/19,,,,,,,,,,,,,,,0,0.00,0,0,0:00:00,,,,
,Wednesday,10,23,10/23/19,,,,,,,,,,,,,,,0,0.00,0,0,0:00:00,,,,
,Thursday,10,24,10/24/19,,,,,,,,,,,,,,,0,0.00,0,0,0:00:00,,,,
,Friday,10,25,10/25/19,,,,,,,,,,,,,,,0,0.00,0,0,0:00:00,,,,
,Saturday,10,26,10/26/19,,,,,,,,,,,,,,,0,0.00,0,0,0:00:00,,,,
,Sunday,10,27,10/27/19,,,,,,,,,,,,,,,0,0.00,0,0,0:00:00,,,,
,Monday,10,28,10/28/19,,,,,,,,,,,,,,,0,0.00,0,0,0:00:00,,,,
,Tuesday,10,29,10/29/19,,,,,,,,,,,,,,,0,0.00,0,0,0:00:00,,,,
,Wednesday,10,30,10/30/19,,,,,,,,,,,,,,,0,0.00,0,0,0:00:00,,,,
,Thursday,10,31,10/31/19,,,,,,,,,,,,,,,0,0.00,0,0,0:00:00,,,,
,Friday,11,1,11/01/19,,,,,,,,,,,,,,,0,0.00,0,0,0:00:00,,,,
,Saturday,11,2,11/02/19,,,,,,,,,,,,,,,0,0.00,0,0,0:00:00,,,,
,Sunday,11,3,11/03/19,,,,,,,,,,,,,,,0,0.00,0,0,0:00:00,,,,
,Monday,11,4,11/04/19,,,,,,,,,,,,,,,0,0.00,0,0,0:00:00,,,,
,Tuesday,11,5,11/05/19,,,,,,,,,,,,,,,0,0.00,0,0,0:00:00,,,,
,Wednesday,11,6,11/06/19,,,,,,,,,,,,,,,0,0.00,0,0,0:00:00,,,,
,Thursday,11,7,11/07/19,,,,,,,,,,,,,,,0,0.00,0,0,0:00:00,,,,
,Friday,11,8,11/08/19,,,,,,,,,,,,,,,0,0.00,0,0,0:00:00,,,,
,Saturday,11,9,11/09/19,,,,,,,,,,,,,,,0,0.00,0,0,0:00:00,,,,
,Sunday,11,10,11/10/19,,,,,,,,,,,,,,,0,0.00,0,0,0:00:00,,,,
,Monday,11,11,11/11/19,,,,,,,,,,,,,,,0,0.00,0,0,0:00:00,,,,
,Tuesday,11,12,11/12/19,,,,,,,,,,,,,,,0,0.00,0,0,0:00:00,,,,
,Wednesday,11,13,11/13/19,,,,,,,,,,,,,,,0,0.00,0,0,0:00:00,,,,
,Thursday,11,14,11/14/19,,,,,,,,,,,,,,,0,0.00,0,0,0:00:00,,,,
,Friday,11,15,11/15/19,,,,,,,,,,,,,,,0,0.00,0,0,0:00:00,,,,
,Saturday,11,16,11/16/19,,,,,,,,,,,,,,,0,0.00,0,0,0:00:00,,,,
,Sunday,11,17,11/17/19,,,,,,,,,,,,,,,0,0.00,0,0,0:00:00,,,,
,Monday,11,18,11/18/19,,,,,,,,,,,,,,,0,0.00,0,0,0:00:00,,,,
,Tuesday,11,19,11/19/19,,,,,,,,,,,,,,,0,0.00,0,0,0:00:00,,,,
,Wednesday,11,20,11/20/19,,,,,,,,,,,,,,,0,0.00,0,0,0:00:00,,,,
,Thursday,11,21,11/21/19,,,,,,,,,,,,,,,0,0.00,0,0,0:00:00,,,,
,Friday,11,22,11/22/19,,,,,,,,,,,,,,,0,0.00,0,0,0:00:00,,,,
,Saturday,11,23,11/23/19,,,,,,,,,,,,,,,0,0.00,0,0,0:00:00,,,,
,Sunday,11,24,11/24/19,,,,,,,,,,,,,,,0,0.00,0,0,0:00:00,,,,
,Monday,11,25,11/25/19,,,,,,,,,,,,,,,0,0.00,0,0,0:00:00,,,,
,Tuesday,11,26,11/26/19,,,,,,,,,,,,,,,0,0.00,0,0,0:00:00,,,,
,Wednesday,11,27,11/27/19,,,,,,,,,,,,,,,0,0.00,0,0,0:00:00,,,,
,Thursday,11,28,11/28/19,,,,,,,,,,,,,,,0,0.00,0,0,0:00:00,,,,
,Friday,11,29,11/29/19,,,,,,,,,,,,,,,0,0.00,0,0,0:00:00,,,,
,Saturday,11,30,11/30/19,,,,,,,,,,,,,,,0,0.00,0,0,0:00:00,,,,
,Sunday,12,1,12/01/19,,,,,,,,,,,,,,,0,0.00,0,0,0:00:00,,,,
,Monday,12,2,12/02/19,,,,,,,,,,,,,,,0,0.00,0,0,0:00:00,,,,
,Tuesday,12,3,12/03/19,,,,,,,,,,,,,,,0,0.00,0,0,0:00:00,,,,
,Wednesday,12,4,12/04/19,,,,,,,,,,,,,,,0,0.00,0,0,0:00:00,,,,
,Thursday,12,5,12/05/19,,,,,,,,,,,,,,,0,0.00,0,0,0:00:00,,,,
,Friday,12,6,12/06/19,,,,,,,,,,,,,,,0,0.00,0,0,0:00:00,,,,
,Saturday,12,7,12/07/19,,,,,,,,,,,,,,,0,0.00,0,0,0:00:00,,,,
,Sunday,12,8,12/08/19,,,,,,,,,,,,,,,0,0.00,0,0,0:00:00,,,,
,Monday,12,9,12/09/19,,,,,,,,,,,,,,,0,0.00,0,0,0:00:00,,,,
,Tuesday,12,10,12/10/19,,,,,,,,,,,,,,,0,0.00,0,0,0:00:00,,,,
,Wednesday,12,11,12/11/19,,,,,,,,,,,,,,,0,0.00,0,0,0:00:00,,,,
,Thursday,12,12,12/12/19,,,,,,,,,,,,,,,0,0.00,0,0,0:00:00,,,,
,Friday,12,13,12/13/19,,,,,,,,,,,,,,,0,0.00,0,0,0:00:00,,,,
,Saturday,12,14,12/14/19,,,,,,,,,,,,,,,0,0.00,0,0,0:00:00,,,,
,Sunday,12,15,12/15/19,,,,,,,,,,,,,,,0,0.00,0,0,0:00:00,,,,
,Monday,12,16,12/16/19,,,,,,,,,,,,,,,0,0.00,0,0,0:00:00,,,,
,Tuesday,12,17,12/17/19,,,,,,,,,,,,,,,0,0.00,0,0,0:00:00,,,,
,Wednesday,12,18,12/18/19,,,,,,,,,,,,,,,0,0.00,0,0,0:00:00,,,,
,Thursday,12,19,12/19/19,,,,,,,,,,,,,,,0,0.00,0,0,0:00:00,,,,
,Friday,12,20,12/20/19,,,,,,,,,,,,,,,0,0.00,0,0,0:00:00,,,,
,Saturday,12,21,12/21/19,,,,,,,,,,,,,,,0,0.00,0,0,0:00:00,,,,
,Sunday,12,22,12/22/19,,,,,,,,,,,,,,,0,0.00,0,0,0:00:00,,,,
,Monday,12,23,12/23/19,,,,,,,,,,,,,,,0,0.00,0,0,0:00:00,,,,
,Tuesday,12,24,12/24/19,,,,,,,,,,,,,,,0,0.00,0,0,0:00:00,,,,
,Wednesday,12,25,12/25/19,,,,,,,,,,,,,,,0,0.00,0,0,0:00:00,,,,
,Thursday,12,26,12/26/19,,,,,,,,,,,,,,,0,0.00,0,0,0:00:00,,,,
,Friday,12,27,12/27/19,,,,,,,,,,,,,,,0,0.00,0,0,0:00:00,,,,
,Saturday,12,28,12/28/19,,,,,,,,,,,,,,,0,0.00,0,0,0:00:00,,,,
,Sunday,12,29,12/29/19,,,,,,,,,,,,,,,0,0.00,0,0,0:00:00,,,,
,Monday,12,30,12/30/19,,,,,,,,,,,,,,,0,0.00,0,0,0:00:00,,,,
,Tuesday,12,31,12/31/19,,,,,,,,,,,,,,,0,0.00,0,0,0:00:00,,,,