Start;End;Sleep quality;Time in bed;Wake up;Sleep Notes;Heart rate;Activity (steps)
2017-02-06 23:57:58;2017-02-07 08:39:41;89%;8:41;;;0;11417
2017-02-08 00:32:03;2017-02-08 08:24:11;71%;7:52;;;0;6566
2017-02-08 23:46:28;2017-02-09 09:53:10;77%;10:06;;;0;10434
2017-02-10 00:47:59;2017-02-10 07:17:06;59%;6:29;;;0;9353
2017-02-11 00:07:14;2017-02-11 09:06:34;92%;8:59;;;0;10517
2017-02-12 01:13:55;2017-02-12 09:38:47;91%;8:24;;;0;5430
2017-02-13 00:04:56;2017-02-13 08:30:30;85%;8:25;;;0;4710
2017-02-14 01:00:42;2017-02-14 10:22:33;81%;9:21;;;0;11798
2017-02-15 00:19:57;2017-02-15 08:30:29;73%;8:10;;;0;7417
2017-02-16 00:33:45;2017-02-16 10:22:47;84%;9:49;;;0;9513
2017-02-17 01:01:52;2017-02-17 09:00:08;69%;7:58;;;0;10901
2017-02-18 01:47:58;2017-02-18 10:07:00;81%;8:19;;;0;14667
2017-02-18 22:48:19;2017-02-19 08:11:36;64%;9:23;;;0;4948
2017-02-19 23:19:50;2017-02-20 08:25:15;80%;9:05;;;0;9980
2017-02-21 00:52:47;2017-02-21 09:21:22;76%;8:28;;;0;12754
2017-02-21 23:32:24;2017-02-22 08:30:17;77%;8:57;:|;;0;7171
2017-02-23 01:01:37;2017-02-23 10:30:00;75%;9:28;;;0;10832
2017-02-23 23:14:02;2017-02-24 08:30:22;79%;9:16;;;0;7428
2017-02-25 01:29:36;2017-02-25 10:13:30;90%;8:43;;;0;12780
2017-02-26 00:41:51;2017-02-26 09:10:26;94%;8:28;;;0;6423
2017-02-26 23:33:48;2017-02-27 08:25:17;86%;8:51;:|;;57;4971
2017-02-28 00:58:21;2017-02-28 10:27:01;100%;9:28;:);;68;9787
2017-03-01 02:18:05;2017-03-01 08:22:15;66%;6:04;:(;;71;7401
2017-03-02 00:55:52;2017-03-02 09:57:09;88%;9:01;:|;;71;10253
2017-03-03 00:49:22;2017-03-03 06:58:37;55%;6:09;:(;;72;8163
2017-03-03 23:51:51;2017-03-04 10:03:53;100%;10:12;:);;100;14147
2017-03-04 22:49:02;2017-03-05 08:00:19;98%;9:11;:);;70;4060
2017-03-05 23:08:32;2017-03-06 08:01:12;97%;8:52;:|;;64;8700
2017-03-07 00:47:53;2017-03-07 09:52:58;100%;9:05;:);;73;10874
2017-03-08 01:08:42;2017-03-08 08:30:18;75%;7:21;:|;;70;6460
2017-03-09 01:36:57;2017-03-09 09:58:42;94%;8:21;:|;;69;9913
2017-03-10 00:01:18;2017-03-10 08:24:40;86%;8:23;:|;;0;10691
2017-03-10 22:24:26;2017-03-11 09:23:00;90%;10:58;:);;74;9570
2017-03-11 22:48:14;2017-03-12 08:20:25;97%;8:32;:|;;61;5641
2017-03-13 01:17:44;2017-03-13 08:30:31;79%;7:12;:(;;68;5834
2017-03-14 00:54:11;2017-03-14 10:13:58;97%;9:19;:);;64;11570
2017-03-15 01:14:59;2017-03-15 08:28:46;66%;7:13;:(;;85;5707
2017-03-16 01:03:49;2017-03-16 09:12:36;100%;8:08;:|;;67;9612
2017-03-17 00:05:16;2017-03-17 08:21:44;95%;8:16;:|;;63;9572
2017-03-27 00:44:37;2017-03-27 09:00:48;87%;8:16;:|;;80;6765
2017-03-28 01:20:12;2017-03-28 09:25:24;78%;8:05;:|;;95;9906
2017-03-28 23:49:00;2017-03-29 08:30:17;74%;8:41;:);;76;8184
2017-03-29 23:32:59;2017-03-30 09:31:31;87%;9:58;:);;70;8677
2017-03-31 01:02:19;2017-03-31 08:15:47;69%;7:13;:|;;74;8607
2017-03-31 23:32:39;2017-04-01 07:12:27;96%;7:39;:(;;61;12248
2017-04-01 23:36:56;2017-04-02 08:20:22;71%;8:43;:|;;70;13558
2017-04-02 22:34:20;2017-04-03 08:25:44;97%;9:51;:|;;69;8421
2017-04-04 00:27:38;2017-04-04 09:08:26;87%;8:40;:);;73;7129
2017-04-05 01:45:48;2017-04-05 08:30:14;73%;6:44;:(;;74;10154
2017-04-06 00:38:55;2017-04-06 10:12:51;100%;9:33;:);;71;8479
2017-04-07 00:48:49;2017-04-07 08:30:15;78%;7:41;:(;Took a nap (1 hour);62;8315
2017-04-08 00:57:53;2017-04-08 07:30:22;70%;6:32;:(;;57;6952
2017-04-08 22:44:18;2017-04-09 08:16:01;80%;9:31;:|;;67;7463
2017-04-10 01:22:25;2017-04-10 08:30:17;50%;7:07;:(;;74;6607
2017-04-11 01:26:42;2017-04-11 09:20:32;78%;7:53;:);;69;8131
2017-04-12 00:27:35;2017-04-12 08:22:54;66%;7:55;:|;;64;6225
2017-04-13 00:36:24;2017-04-13 08:35:37;60%;7:59;:|;;59;9788
2017-04-14 00:11:33;2017-04-14 06:44:19;52%;6:32;:|;;69;11799
2017-04-14 23:12:04;2017-04-15 08:19:27;100%;9:07;:);;64;10009
2017-04-15 23:49:29;2017-04-16 08:31:56;98%;8:42;:|;;64;4452
2017-04-17 00:35:46;2017-04-17 08:30:09;75%;7:54;:|;;66;11187
2017-04-18 01:44:28;2017-04-18 09:42:36;100%;7:58;:(;;67;11067
2017-04-19 00:43:50;2017-04-19 08:30:23;74%;7:46;:(;;66;6412
2017-04-20 01:08:59;2017-04-20 09:15:10;72%;8:06;:|;;72;10089
2017-04-21 00:07:46;2017-04-21 08:30:25;72%;8:22;:|;;56;11983
2017-04-21 23:24:02;2017-04-22 10:01:53;48%;10:37;:);;74;16218
2017-04-22 23:17:18;2017-04-23 07:48:54;66%;8:31;:|;;80;7419
2017-04-23 23:56:09;2017-04-24 09:15:30;68%;9:19;:);;81;8813
2017-04-25 00:16:15;2017-04-25 08:50:05;74%;8:33;:);;66;8712
2017-04-25 23:52:53;2017-04-26 09:31:22;86%;9:38;:);;103;5958
2017-04-27 01:12:27;2017-04-27 09:56:41;75%;8:44;:);;62;7197
2017-04-28 02:09:59;2017-04-28 09:13:07;65%;7:03;:|;;84;11889
2017-04-28 21:59:57;2017-04-29 09:14:24;80%;11:14;:);;70;10729
2017-04-29 23:27:52;2017-04-30 08:20:15;79%;8:52;:|;;60;5687
2017-05-01 00:53:27;2017-05-01 09:25:32;80%;8:32;:(;;72;6991
2017-05-02 01:25:02;2017-05-02 09:41:47;82%;8:16;:|;;83;7852
2017-05-03 00:10:04;2017-05-03 07:19:20;77%;7:09;:(;;71;6439
2017-05-04 01:03:11;2017-05-04 11:35:43;64%;10:32;:|;;80;11687
2017-05-05 00:24:09;2017-05-05 09:00:57;63%;8:36;:|;;83;4854
2017-05-06 01:34:33;2017-05-06 10:49:16;85%;9:14;:);;74;3439
2017-05-07 00:35:37;2017-05-07 08:21:57;73%;7:46;:|;;65;4619
2017-05-07 22:27:42;2017-05-08 06:49:51;83%;8:22;:|;;58;8779
2017-05-09 00:06:11;2017-05-09 06:58:54;74%;6:52;:(;;68;5552
2017-05-10 01:59:51;2017-05-10 09:41:34;77%;7:41;:|;;84;12428
2017-05-11 00:59:00;2017-05-11 11:05:48;94%;10:06;:);;71;4576
2017-05-12 01:04:32;2017-05-12 10:04:40;86%;9:00;:|;;80;13110
2017-05-13 03:25:38;2017-05-13 10:00:34;71%;6:34;:(;;73;15429
2017-05-13 23:36:10;2017-05-14 08:16:22;100%;8:40;:|;Took a nap (2 hours);59;3223
2017-05-14 23:39:32;2017-05-15 08:32:43;100%;8:53;:|;;0;1836
2017-05-16 00:45:40;2017-05-16 09:26:03;100%;8:40;:);;95;3629
2017-05-17 00:23:09;2017-05-17 07:59:26;96%;7:36;:|;;68;802
2017-05-17 22:29:49;2017-05-18 08:44:09;100%;10:14;:);;89;609
2017-05-18 22:33:36;2017-05-19 09:13:05;88%;10:39;:|;;67;2406
2017-05-20 00:36:39;2017-05-20 08:26:52;100%;7:50;:|;;83;11864
2017-05-21 01:28:05;2017-05-21 09:21:07;100%;7:53;:|;;86;2799
2017-05-21 22:34:25;2017-05-22 08:12:43;90%;9:38;:(;;123;11524
2017-05-22 20:43:52;2017-05-23 09:00:27;84%;12:16;:);;74;1559
2017-05-24 00:45:30;2017-05-24 08:34:39;99%;7:49;:|;Took a nap (1 hour);76;967
2017-05-25 01:20:47;2017-05-25 08:47:24;92%;7:26;:|;Took a nap (2 hours);97;2586
2017-05-26 01:58:52;2017-05-26 08:50:43;83%;6:51;:|;Took a nap (2 hours);112;3145
2017-05-27 01:21:32;2017-05-27 09:05:28;99%;7:43;:|;Took a nap (2 hours);82;574
2017-05-27 23:25:13;2017-05-28 08:33:48;100%;9:08;:|;;89;9242
2017-05-29 00:10:53;2017-05-29 08:58:24;100%;8:47;:);;68;11384
2017-05-30 01:35:54;2017-05-30 08:35:25;85%;6:59;:|;Took a nap (2 hours);65;1517
2017-05-31 00:41:35;2017-05-31 07:40:21;85%;6:58;:|;Took a nap (2 hours);60;4947
2017-06-01 00:31:25;2017-06-01 08:44:08;100%;8:12;:|;Took a nap (2 hours);76;9337
2017-06-02 00:19:11;2017-06-02 09:00:43;100%;8:41;:|;Took a nap (1 hour);77;3464
2017-06-02 22:56:52;2017-06-03 04:12:09;59%;5:15;:(;Took a nap (2 hours);79;1811
2017-06-04 02:17:08;2017-06-04 08:56:47;74%;6:39;:|;Took a nap (2 hours);73;2414
2017-06-04 23:56:31;2017-06-05 08:32:01;95%;8:35;:);Took a nap (2 hours);78;2167
2017-06-06 00:33:08;2017-06-06 09:04:49;87%;8:31;:|;Took a nap (2 hours);110;3440
2017-06-06 23:25:07;2017-06-07 08:34:06;100%;9:08;:(;;63;1089
2017-06-08 00:42:03;2017-06-08 08:21:42;84%;7:39;:|;Took a nap (2 hours);61;3814
2017-06-09 00:01:08;2017-06-09 08:49:07;99%;8:47;:(;;78;3927
2017-06-10 00:14:10;2017-06-10 08:23:47;72%;8:09;:|;;67;2403
2017-06-10 23:48:23;2017-06-11 09:41:57;94%;9:53;:|;Took a nap (2 hours);71;5081
2017-06-11 23:37:01;2017-06-12 08:39:40;82%;9:02;:|;Took a nap (2 hours);91;1397
2017-06-13 00:51:17;2017-06-13 08:03:08;82%;7:11;:(;;65;2396
2017-06-14 00:06:38;2017-06-14 06:55:47;86%;6:49;:|;Took a nap (2 hours);67;1077
2017-06-15 01:07:38;2017-06-15 08:12:00;67%;7:04;:|;Took a nap (1 hour);91;8336
2017-06-15 23:48:05;2017-06-16 05:28:19;68%;5:40;:|;Took a nap (2 hours);69;2648
2017-06-16 23:00:25;2017-06-17 08:55:39;93%;9:55;:|;;79;35958
2017-06-17 23:25:52;2017-06-18 09:11:42;91%;9:45;:|;;81;13160
2017-06-18 23:34:30;2017-06-19 08:28:08;100%;8:53;:|;;78;11102
2017-06-20 01:26:43;2017-06-20 07:22:00;71%;5:55;:|;Took a nap (2 hours);66;3237
2017-06-20 23:38:34;2017-06-21 08:06:52;98%;8:28;:|;;81;1898
2017-06-21 23:48:34;2017-06-22 07:49:31;96%;8:00;:|;;72;987
2017-06-23 00:36:58;2017-06-23 08:16:32;86%;7:39;:(;;93;4826
2017-06-23 23:28:38;2017-06-24 06:56:09;82%;7:27;:|;;63;2507
2017-06-24 22:14:41;2017-06-25 07:25:04;100%;9:10;:|;Took a nap (1 hour);82;1083
2017-06-25 23:41:54;2017-06-26 08:08:32;99%;8:26;:);Took a nap (2 hours);82;1502
2017-06-26 23:34:54;2017-06-27 08:18:52;100%;8:43;:|;;75;815
2017-06-27 23:51:30;2017-06-28 08:35:32;94%;8:44;:|;;80;12468
2017-06-29 01:15:52;2017-06-29 08:15:36;80%;6:59;:(;;81;1416
2017-06-30 01:11:25;2017-06-30 08:27:35;87%;7:16;:|;;81;10440
2017-07-01 00:45:28;2017-07-01 09:04:18;98%;8:18;:|;;84;2341
2017-07-02 01:34:49;2017-07-02 10:12:36;100%;8:37;:|;;96;13279
2017-07-03 00:04:18;2017-07-03 08:44:34;88%;8:40;:);Took a nap (2 hours);91;1084
2017-07-03 23:12:09;2017-07-04 09:17:28;92%;10:05;:|;;85;13132
2017-07-05 01:39:31;2017-07-05 09:12:23;74%;7:32;:|;Took a nap (2 hours);82;937
2017-07-06 01:04:58;2017-07-06 08:43:09;92%;7:38;:|;;72;1841
2017-07-07 02:19:23;2017-07-07 09:18:15;80%;6:58;:|;Took a nap (2 hours);87;976
2017-07-08 00:10:07;2017-07-08 07:20:05;67%;7:09;:|;Took a nap (2 hours);67;1092
2017-07-09 00:36:08;2017-07-09 08:58:16;91%;8:22;:|;Took a nap (2 hours);67;4355
2017-07-10 00:12:24;2017-07-10 08:48:10;96%;8:35;:(;;82;2153
2017-07-11 01:03:51;2017-07-11 08:17:11;81%;7:13;:|;Took a nap (2 hours);75;703
2017-07-11 23:04:15;2017-07-12 08:49:53;87%;9:45;:|;;74;4279
2017-07-13 00:08:16;2017-07-13 08:49:54;98%;8:41;:|;;76;10203
2017-07-14 00:38:26;2017-07-14 08:39:41;97%;8:01;:|;Took a nap (1 hour);83;12567
2017-07-15 01:05:55;2017-07-15 08:35:27;85%;7:29;:);Took a nap (2 hours);70;1167
2017-07-16 00:17:13;2017-07-16 09:06:09;100%;8:48;:|;;74;15135
2017-07-17 01:58:13;2017-07-17 08:29:46;77%;6:31;:(;Took a nap (2 hours);91;11115
2017-07-18 00:55:39;2017-07-18 08:23:02;88%;7:27;:|;Took a nap (2 hours);71;15016
2017-07-19 02:12:11;2017-07-19 08:40:23;65%;6:28;:(;Took a nap (2 hours);71;1305
2017-07-20 01:29:06;2017-07-20 08:54:13;84%;7:25;:(;Took a nap (2 hours);78;1000
2017-07-21 03:46:21;2017-07-21 09:37:05;69%;5:50;:|;Took a nap (2 hours);99;2818
2017-07-22 00:44:11;2017-07-22 08:00:20;80%;7:16;:|;Took a nap (1 hour);79;2003
2017-07-23 02:38:25;2017-07-23 08:33:44;67%;5:55;:|;Took a nap (2 hours);66;824
2017-07-24 00:54:11;2017-07-24 08:57:20;88%;8:03;:|;Took a nap (2 hours);82;10605
2017-07-25 01:42:07;2017-07-25 08:16:23;77%;6:34;:(;Took a nap (2 hours);75;3665
2017-07-26 02:30:34;2017-07-26 08:17:34;66%;5:46;:|;Took a nap (2 hours);80;1779
2017-07-27 01:03:52;2017-07-27 08:25:30;80%;7:21;:(;;78;3415
2017-07-27 23:48:50;2017-07-28 08:21:12;94%;8:32;:);;81;11359
2017-07-29 00:30:20;2017-07-29 08:32:02;87%;8:01;:|;;83;18341
2017-07-30 02:05:58;2017-07-30 08:25:31;75%;6:19;:|;Took a nap (2 hours);85;12165
2017-07-30 23:58:04;2017-07-31 08:57:52;89%;8:59;:|;;79;10910
2017-08-01 01:03:39;2017-08-01 08:59:56;69%;7:56;:|;Took a nap (2 hours);76;1254
2017-08-02 00:19:38;2017-08-02 08:20:06;90%;8:00;:|;;82;13111
2017-08-03 02:43:02;2017-08-03 07:49:03;57%;5:06;;Took a nap (2 hours);0;2782
2017-08-04 02:07:48;2017-08-04 08:06:51;70%;5:59;:(;Took a nap (2 hours);84;2759
2017-08-05 01:42:41;2017-08-05 06:55:46;63%;5:13;:(;Took a nap (2 hours);66;1142
2017-08-05 23:55:18;2017-08-06 07:22:43;88%;7:27;:(;Took a nap (2 hours);85;10337
2017-08-07 00:47:43;2017-08-07 07:11:53;72%;6:24;:(;Took a nap (2 hours);73;14613
2017-08-07 22:35:46;2017-08-08 06:58:46;100%;8:23;;;0;13100
2017-08-08 23:07:07;2017-08-09 07:38:18;99%;8:31;:);;74;3637
2017-08-10 00:29:09;2017-08-10 07:53:22;72%;7:24;:(;Took a nap (2 hours);85;2924
2017-08-11 00:02:19;2017-08-11 07:34:37;74%;7:32;:(;;72;13409
2017-08-11 22:26:38;2017-08-12 07:35:09;87%;9:08;:(;;73;2715
2017-08-12 23:52:22;2017-08-13 07:07:50;70%;7:15;:(;;81;11708
2017-08-13 23:41:17;2017-08-14 08:00:29;76%;8:19;:|;Took a nap (2 hours);77;4110
2017-08-14 21:59:44;2017-08-15 07:30:49;100%;9:31;:|;;79;5865
2017-08-16 00:41:33;2017-08-16 07:34:04;81%;6:52;:(;;85;6394
2017-08-18 00:45:19;2017-08-18 07:57:21;81%;7:12;:|;;88;3576
2017-08-18 23:43:12;2017-08-19 08:33:25;96%;8:50;:(;;78;17143
2017-08-19 23:28:19;2017-08-20 08:26:56;95%;8:58;:|;Took a nap (2 hours);82;13246
2017-08-20 23:28:39;2017-08-21 08:40:53;78%;9:12;:(;Took a nap (2 hours);72;13520
2017-08-21 23:46:45;2017-08-22 08:06:57;97%;8:20;:|;;91;14151
2017-08-22 23:43:11;2017-08-23 08:47:19;82%;9:04;:|;;78;4233
2017-08-24 23:57:57;2017-08-25 07:57:30;92%;7:59;:|;;91;10839
2017-08-25 22:30:42;2017-08-26 07:00:28;89%;8:29;:|;Took a nap (2 hours);80;3435
2017-08-27 00:48:31;2017-08-27 07:39:09;79%;6:50;:(;Took a nap (1 hour);71;9769
2017-08-28 00:35:33;2017-08-28 09:06:18;99%;8:30;:);Took a nap (1 hour);76;23936
2017-08-29 01:30:44;2017-08-29 08:58:43;92%;7:27;:(;;64;9230
2017-08-29 23:57:37;2017-08-30 09:22:53;100%;9:25;:);;78;8300
2017-08-31 03:00:49;2017-08-31 09:52:29;80%;6:51;:(;Took a nap (1 hour);74;12760
2017-09-01 00:12:12;2017-09-01 08:06:41;87%;7:54;:(;Took a nap (2 hours);60;6286
2017-09-01 23:05:52;2017-09-02 09:41:34;100%;10:35;:);;58;14095
2017-09-03 00:24:31;2017-09-03 09:24:39;100%;9:00;:);;75;14132
2017-09-04 00:28:03;2017-09-04 10:05:10;98%;9:37;:);Took a nap (2 hours);86;15620
2017-09-05 00:57:21;2017-09-05 09:18:15;100%;8:20;:);;74;11632
2017-09-06 01:13:43;2017-09-06 10:25:40;100%;9:11;:|;;66;7956
2017-09-07 00:53:52;2017-09-07 10:00:11;100%;9:06;:);;71;7934
2017-09-08 01:07:11;2017-09-08 07:54:35;79%;6:47;:(;;74;9611
2017-09-09 00:31:18;2017-09-09 09:22:31;100%;8:51;:|;Took a nap (2 hours);66;11632
2017-09-10 01:08:17;2017-09-10 08:00:24;79%;6:52;:(;;61;14156
2017-09-11 02:11:02;2017-09-11 09:58:47;89%;7:47;:(;;75;14857
2017-09-12 01:48:12;2017-09-12 09:49:39;95%;8:01;:(;;62;10073
2017-09-13 00:12:01;2017-09-13 10:03:42;96%;9:51;:);;79;11977
2017-09-14 01:03:40;2017-09-14 09:44:19;96%;8:40;:|;Took a nap (2 hours);67;8326
2017-09-15 02:36:25;2017-09-15 08:32:28;65%;5:56;:(;;76;11665
2017-09-16 02:29:26;2017-09-16 10:47:27;94%;8:18;:|;;78;9776
2017-09-17 00:27:07;2017-09-17 07:46:30;88%;7:19;:|;Took a nap (2 hours);80;14071
2017-09-18 00:39:37;2017-09-18 09:46:12;98%;9:06;:);Took a nap (2 hours);69;9336
2017-09-19 00:39:49;2017-09-19 09:16:33;96%;8:36;:|;;69;7665
2017-09-20 01:53:25;2017-09-20 09:50:16;85%;7:56;:|;;69;8896
2017-09-21 00:47:40;2017-09-21 09:45:19;100%;8:57;:|;;69;8744
2017-09-22 01:06:57;2017-09-22 08:31:12;82%;7:24;:|;;65;10414
2017-09-22 23:45:22;2017-09-23 08:57:11;100%;9:11;:|;Took a nap (2 hours);65;7921
2017-09-23 22:58:32;2017-09-24 08:05:29;87%;9:06;:|;;70;7033
2017-09-25 01:33:01;2017-09-25 08:39:51;81%;7:06;:|;Took a nap (2 hours);76;7120
2017-09-26 00:14:33;2017-09-26 10:02:16;100%;9:47;:);;76;8037
2017-09-27 02:29:19;2017-09-27 09:36:10;76%;7:06;:|;Took a nap (2 hours);64;11406
2017-09-28 01:57:57;2017-09-28 10:10:23;91%;8:12;:(;Took a nap (2 hours);71;10480
2017-09-29 00:13:53;2017-09-29 07:36:10;74%;7:22;:(;;63;6878
2017-09-30 00:47:07;2017-09-30 09:14:24;94%;8:27;:(;Took a nap (2 hours);63;11277
2017-09-30 21:28:59;2017-10-01 08:09:19;86%;10:40;:(;;83;10233
2017-10-01 22:58:46;2017-10-02 06:45:38;82%;7:46;:(;;74;8714
2017-10-02 23:32:36;2017-10-03 09:22:41;100%;9:50;:);;74;9697
2017-10-03 22:01:46;2017-10-04 09:01:36;86%;10:59;:);;69;7963
2017-10-05 00:56:39;2017-10-05 09:33:08;100%;8:36;:(;Took a nap (2 hours);76;5537
2017-10-05 23:24:52;2017-10-06 07:36:21;69%;8:11;:(;;68;11435
2017-10-09 01:28:27;2017-10-09 09:37:43;90%;8:09;:|;Took a nap (2 hours);75;9341
2017-10-10 00:47:25;2017-10-10 09:43:44;100%;8:56;:);;67;8825
2017-10-10 23:21:04;2017-10-11 09:58:12;88%;10:37;:);;83;9213
2017-10-12 00:15:46;2017-10-12 09:34:43;98%;9:18;:|;;101;6168
2017-10-12 23:52:56;2017-10-13 08:30:47;89%;8:37;:(;;62;11070
2017-10-13 23:42:21;2017-10-14 09:41:17;85%;9:58;:|;;63;9125
2017-10-14 23:15:58;2017-10-15 07:59:56;94%;8:43;:(;Took a nap (2 hours);67;3578
2017-10-16 00:42:35;2017-10-16 10:06:47;96%;9:24;:);Took a nap (2 hours);64;8934
2017-10-17 01:03:56;2017-10-17 09:33:40;98%;8:29;:|;;78;9732
2017-10-18 03:03:32;2017-10-18 09:28:16;72%;6:24;:(;Took a nap (2 hours);76;8349
2017-10-19 22:51:29;2017-10-20 08:30:26;93%;9:38;:(;;89;10203
2017-10-20 23:47:48;2017-10-21 08:50:34;82%;9:02;:|;;85;18703
2017-10-21 22:30:07;2017-10-22 08:15:37;96%;9:45;:|;Took a nap (2 hours);83;11097
2017-10-23 00:17:18;2017-10-23 10:10:49;82%;9:53;:|;Took a nap (2 hours);76;10141
2017-10-24 00:46:10;2017-10-24 09:45:34;97%;8:59;:|;;69;9438
2017-10-25 00:09:46;2017-10-25 09:34:32;85%;9:24;:(;;69;7896
2017-10-26 00:46:44;2017-10-26 07:34:50;71%;6:48;:(;Took a nap (2 hours);65;6049
2017-10-26 23:39:39;2017-10-27 08:17:23;99%;8:37;:|;;71;7558
2017-10-27 22:12:05;2017-10-28 09:32:01;81%;11:19;:);;74;8397
2017-10-29 00:14:09;2017-10-29 07:49:15;85%;7:35;:(;Took a nap (2 hours);61;6609
2017-10-29 23:55:05;2017-10-30 09:19:32;100%;9:24;:|;;70;10796
2017-10-31 01:44:35;2017-10-31 11:02:03;95%;9:17;:|;;77;6744
2017-11-01 00:51:12;2017-11-01 09:50:32;100%;8:59;:);Took a nap (2 hours);77;6995
2017-11-02 00:23:55;2017-11-02 08:17:05;93%;7:53;:(;;66;8466
2017-11-03 00:25:22;2017-11-03 06:56:46;71%;6:31;:|;Took a nap (1 hour);66;7863
2017-11-03 23:24:01;2017-11-04 09:12:30;89%;9:48;:(;;61;10537
2017-11-05 00:25:48;2017-11-05 08:09:54;88%;8:44;:|;Took a nap (2 hours);73;4416
2017-11-06 01:05:52;2017-11-06 09:51:01;97%;8:45;:|;Took a nap (2 hours);74;7114
2017-11-07 00:35:18;2017-11-07 09:28:00;99%;8:52;:|;;64;9665
2017-11-07 23:37:12;2017-11-08 10:34:39;94%;10:57;:);;75;7031
2017-11-09 01:09:38;2017-11-09 08:25:22;87%;7:15;:(;;66;9328
2017-11-10 00:27:25;2017-11-10 08:30:35;81%;8:03;:|;;65;11895
2017-11-10 22:50:22;2017-11-11 10:03:31;94%;11:13;:);;78;12410
2017-11-12 00:12:16;2017-11-12 07:53:36;87%;7:41;:(;;72;7520
2017-11-12 23:54:11;2017-11-13 10:27:50;88%;10:33;:|;Took a nap (2 hours);0;7119
2017-11-14 00:58:13;2017-11-14 09:22:22;91%;8:24;:(;;64;12378
2017-11-14 23:45:08;2017-11-15 09:54:48;92%;10:09;:(;;70;8523
2017-11-15 23:51:57;2017-11-16 08:25:33;84%;8:33;:|;;57;10211
2017-11-17 01:22:02;2017-11-17 08:30:35;76%;7:08;:|;;71;11039
2017-11-18 00:10:21;2017-11-18 05:30:30;61%;5:20;:);Took a nap (2 hours);78;8588
2017-11-19 00:03:54;2017-11-19 09:02:12;99%;8:58;:(;Took a nap (2 hours);73;2837
2017-11-20 00:54:27;2017-11-20 07:44:03;79%;6:49;:(;Took a nap (2 hours);65;2706
2017-11-20 22:57:21;2017-11-21 09:04:22;100%;10:07;:(;;122;2671
2017-11-21 21:53:51;2017-11-22 08:11:37;100%;10:17;:(;;67;1983
2017-11-22 23:08:50;2017-11-23 08:52:25;100%;9:43;:|;Took a nap (2 hours);72;1559
2017-11-23 20:45:49;2017-11-24 09:06:42;92%;12:20;:);;70;924
2017-11-24 21:36:01;2017-11-25 08:30:35;71%;10:54;:(;;70;2484
2017-11-25 21:49:01;2017-11-26 07:41:08;100%;9:52;:|;;76;1751
2017-11-27 00:12:46;2017-11-27 08:22:06;89%;8:09;:|;Took a nap (2 hours);70;6327
2017-11-28 00:00:44;2017-11-28 09:24:32;99%;9:23;:|;;86;10899
2017-11-29 00:28:09;2017-11-29 09:12:44;78%;8:44;:(;Took a nap (2 hours);69;9190
2017-11-29 22:44:44;2017-11-30 08:18:20;100%;9:33;:|;;64;9355
2017-12-01 01:10:16;2017-12-01 08:30:42;78%;7:20;:(;;95;10284
2017-12-02 00:39:11;2017-12-02 09:55:04;100%;9:15;:|;;66;9497
2017-12-03 00:11:34;2017-12-03 09:48:52;100%;9:37;:|;;84;2717
2017-12-03 23:13:31;2017-12-04 08:58:55;88%;9:45;:(;;76;7658
2017-12-05 01:14:10;2017-12-05 09:33:36;99%;8:19;:(;;75;11172
2017-12-05 23:52:55;2017-12-06 08:38:02;81%;8:45;:(;;66;9566
2017-12-06 23:34:43;2017-12-07 08:26:56;100%;8:52;:|;;70;9982
2017-12-07 23:28:00;2017-12-08 08:30:36;77%;9:02;:|;;68;13181
2017-12-08 23:31:23;2017-12-09 09:12:33;93%;9:41;:|;;66;14066
2017-12-09 23:21:21;2017-12-10 08:15:42;99%;8:54;:|;;71;8301
2017-12-11 00:06:19;2017-12-11 09:39:26;99%;9:33;:);;85;14907
2017-12-12 00:00:13;2017-12-12 09:13:38;99%;9:13;:|;;75;8146
2017-12-13 00:06:31;2017-12-13 07:26:33;61%;7:20;:(;;90;6488
2017-12-14 00:02:31;2017-12-14 08:48:21;100%;8:45;:|;Took a nap (1 hour);76;7392
2017-12-15 01:13:43;2017-12-15 09:29:41;88%;8:15;:);;70;8795
2017-12-16 01:47:13;2017-12-16 09:28:44;94%;7:41;:|;;87;11930
2017-12-16 22:44:21;2017-12-17 10:12:03;85%;11:27;:|;;82;6806
2017-12-18 01:05:26;2017-12-18 09:32:52;87%;8:27;:(;;75;11602
2017-12-18 22:38:34;2017-12-19 08:25:26;86%;9:46;:(;;65;9671
2017-12-20 00:11:28;2017-12-20 09:34:18;92%;9:22;:|;Took a nap (2 hours);66;9285
2017-12-21 00:37:31;2017-12-21 08:43:25;73%;8:05;:(;Took a nap (1 hour);73;6828
2017-12-22 02:43:32;2017-12-22 10:05:16;83%;7:21;:(;Took a nap (2 hours);89;6486
2017-12-23 01:13:55;2017-12-23 08:12:53;78%;6:58;:|;Took a nap (2 hours);86;2217
2017-12-23 23:47:33;2017-12-24 09:50:30;100%;10:02;:(;Took a nap (2 hours);93;4356
2017-12-25 00:42:05;2017-12-25 08:37:30;89%;7:55;:(;Took a nap (2 hours);74;1177
2017-12-25 23:28:33;2017-12-26 08:46:08;97%;9:17;:|;Took a nap (2 hours);77;1188
2017-12-26 23:56:19;2017-12-27 08:11:49;95%;8:15;:(;Took a nap (2 hours);68;1242
2017-12-28 00:19:42;2017-12-28 08:14:07;94%;7:54;:(;;74;4502
2018-01-01 23:29:11;2018-01-02 07:55:56;95%;8:26;:(;Took a nap (2 hours);68;3395
2018-01-03 01:33:15;2018-01-03 09:18:24;87%;7:45;:|;Took a nap (2 hours);88;3035
2018-01-04 00:11:55;2018-01-04 08:44:17;100%;8:32;:|;Took a nap (2 hours);60;1086
2018-01-04 22:51:15;2018-01-05 08:34:11;100%;9:42;:|;;72;2249
2018-01-05 21:54:41;2018-01-06 08:16:46;100%;10:22;:|;;70;2336
2018-01-06 22:27:23;2018-01-07 09:24:15;95%;10:56;:|;;69;1796
2018-01-08 00:18:12;2018-01-08 08:11:46;82%;7:53;:|;Took a nap (2 hours);77;1397
2018-01-09 00:32:47;2018-01-09 08:53:28;95%;8:20;:(;;66;4099
2018-01-09 22:09:26;2018-01-10 08:26:15;100%;10:16;:(;;85;2851
2018-01-11 01:00:44;2018-01-11 09:00:15;78%;7:59;:(;Took a nap (2 hours);71;6010
2018-01-11 23:10:24;2018-01-12 08:27:12;100%;9:16;:|;;76;3838
2018-01-12 23:15:31;2018-01-13 07:47:19;90%;8:31;:(;;65;1407
2018-01-13 23:34:13;2018-01-14 07:54:53;97%;8:20;:(;;80;2614
2018-01-15 00:38:38;2018-01-15 09:26:47;100%;8:48;:|;Took a nap (2 hours);64;6155
2018-01-16 00:17:51;2018-01-16 08:44:20;98%;8:26;:(;Took a nap (1 hour);64;4719
2018-01-17 00:09:38;2018-01-17 08:20:30;99%;8:10;:|;;79;7505
2018-01-18 00:31:01;2018-01-18 09:04:10;95%;8:33;:(;Took a nap (2 hours);73;11710
2018-01-18 23:05:40;2018-01-19 08:21:06;98%;9:15;:|;;90;9426
2018-01-21 00:52:04;2018-01-21 11:14:05;100%;10:22;:|;Took a nap (2 hours);83;6507
2018-01-21 23:57:05;2018-01-22 08:21:56;98%;8:24;:(;;70;3280
2018-01-22 23:59:23;2018-01-23 08:52:35;100%;8:53;:(;;68;13144
2018-01-23 22:45:15;2018-01-24 09:24:45;84%;10:39;:(;;67;11556
2018-01-24 23:03:49;2018-01-25 08:44:35;100%;9:40;:|;;62;8541
2018-01-25 23:42:15;2018-01-26 09:04:07;78%;9:21;:|;;67;10104
2018-01-27 01:27:34;2018-01-27 09:56:48;91%;8:29;:|;;69;10190
2018-01-28 00:20:01;2018-01-28 10:02:55;100%;9:42;:|;Took a nap (2 hours);74;2894
2018-01-29 01:24:27;2018-01-29 09:19:59;94%;7:55;:(;;74;16766
2018-01-30 00:20:19;2018-01-30 08:30:34;91%;8:10;:|;;68;11334
2018-01-30 23:58:25;2018-01-31 09:25:08;87%;9:26;:(;;77;12093
2018-02-01 02:18:43;2018-02-01 08:47:34;75%;6:28;:(;Took a nap (2 hours);69;20985
2018-02-02 02:14:36;2018-02-02 09:03:18;77%;6:48;:|;;71;18313
2018-02-03 03:13:02;2018-02-03 11:35:26;85%;8:22;:(;;90;15779
2018-02-04 01:15:02;2018-02-04 09:48:55;93%;8:33;:|;Took a nap (1 hour);82;15162
2018-02-05 00:15:49;2018-02-05 09:25:05;91%;9:09;:(;;80;8929
2018-02-06 01:23:30;2018-02-06 09:08:21;83%;7:44;:(;;80;16082
2018-02-07 00:05:40;2018-02-07 09:21:00;94%;9:15;:(;;71;19182
2018-02-08 00:20:28;2018-02-08 08:27:15;83%;8:06;:|;;61;16424
2018-02-09 00:28:25;2018-02-09 09:21:01;100%;8:52;:|;;74;9389
2018-02-10 00:05:05;2018-02-10 09:48:32;96%;9:43;:);;83;17288
2018-02-10 23:17:49;2018-02-11 08:12:14;100%;8:54;:|;;62;8273
2018-02-12 01:25:50;2018-02-12 09:03:21;80%;7:37;:(;Took a nap (2 hours);98;7981
2018-02-12 22:58:18;2018-02-13 08:22:22;91%;9:24;:(;;92;13894
2018-02-14 00:11:45;2018-02-14 09:20:38;75%;9:08;:);Took a nap (2 hours);83;4799
2018-02-15 00:40:53;2018-02-15 08:18:12;98%;7:37;:(;;76;15301
2018-02-16 01:03:49;2018-02-16 08:55:17;100%;7:51;:(;Took a nap (2 hours);81;5655
2018-02-16 22:54:27;2018-02-17 03:53:31;64%;4:59;:(;;80;12248
2018-02-18 00:10:10;2018-02-18 08:02:30;100%;7:52;:(;Took a nap (2 hours);73;9884
2018-02-19 00:34:18;2018-02-19 09:26:10;100%;8:51;:|;Took a nap (2 hours);69;10157
2018-02-20 02:21:48;2018-02-20 09:00:13;85%;6:38;:(;;84;11173
2018-02-21 00:36:17;2018-02-21 09:21:02;100%;8:44;:(;Took a nap (2 hours);65;11013
2018-02-21 23:28:09;2018-02-22 09:21:09;100%;9:53;:(;;67;12461
2018-02-23 00:02:41;2018-02-23 09:20:16;100%;9:17;:(;;70;10187
2018-02-24 02:04:23;2018-02-24 10:20:18;90%;8:15;:|;;67;13475
2018-02-24 23:14:00;2018-02-25 08:12:42;98%;8:58;:(;;74;13144
2018-02-26 00:33:16;2018-02-26 08:25:41;100%;7:52;:|;Took a nap (2 hours);57;8797
2018-02-27 01:23:54;2018-02-27 09:00:32;98%;7:36;:|;;75;12385
2018-02-28 01:08:56;2018-02-28 09:08:16;100%;7:59;:|;Took a nap (2 hours);73;7950
2018-03-01 03:07:02;2018-03-01 08:55:48;75%;5:48;:(;;68;12674
2018-03-01 22:15:52;2018-03-02 09:21:31;100%;11:05;:(;;62;7478
2018-03-03 00:26:55;2018-03-03 10:16:01;100%;9:49;:);;65;9062
2018-03-03 22:18:39;2018-03-04 05:08:39;88%;6:50;;;0;5090
2018-03-05 00:50:28;2018-03-05 09:13:31;100%;8:23;:|;;69;8056
2018-03-06 00:21:20;2018-03-06 08:58:11;100%;8:36;:|;;74;10034
2018-03-07 00:38:31;2018-03-07 09:02:29;80%;8:23;:|;;66;11174
2018-03-08 02:41:17;2018-03-08 08:37:07;67%;5:55;:|;Took a nap (2 hours);65;10095
2018-03-09 00:34:26;2018-03-09 09:15:16;91%;8:40;:|;Took a nap (2 hours);75;7385
2018-03-10 01:06:45;2018-03-10 08:54:02;83%;7:47;:|;Took a nap (2 hours);64;11450
2018-03-11 00:21:12;2018-03-11 10:08:18;94%;8:47;:|;Took a nap (2 hours);71;8628
2018-03-12 00:45:46;2018-03-12 09:26:14;76%;8:40;:|;;59;20902
2018-03-13 02:05:48;2018-03-13 09:00:04;80%;6:54;:|;;70;11951
2018-03-14 00:34:04;2018-03-14 09:24:43;95%;8:50;:|;;64;9052
2018-03-15 01:31:22;2018-03-15 09:00:32;82%;7:29;:(;Took a nap (2 hours);69;11649
2018-03-16 01:26:02;2018-03-16 09:18:39;88%;7:52;:|;Took a nap (2 hours);64;7546
2018-03-16 23:17:01;2018-03-17 07:50:53;94%;8:33;:|;;64;9437
2018-03-18 01:25:04;2018-03-18 09:46:03;93%;8:20;:|;Took a nap (2 hours);66;2295
2018-03-18 23:49:12;2018-03-19 08:14:50;88%;8:25;:(;Took a nap (2 hours);64;7288
2018-03-19 23:52:20;2018-03-20 08:29:07;93%;8:36;:|;Took a nap (2 hours);70;11470
2018-03-21 02:41:52;2018-03-21 09:05:04;81%;6:23;:(;Took a nap (2 hours);105;8118
2018-03-22 02:05:06;2018-03-22 09:12:18;82%;7:07;:(;Took a nap (2 hours);72;260
2018-03-23 00:41:27;2018-03-23 08:24:53;85%;7:43;:(;Took a nap (2 hours);74;271
2018-03-23 23:14:26;2018-03-24 09:11:31;90%;9:57;:(;Took a nap (2 hours);74;271
2018-03-25 01:17:45;2018-03-25 08:53:50;84%;7:36;:|;Took a nap (2 hours);80;6860
2018-03-25 23:27:43;2018-03-26 08:46:26;100%;9:18;:|;;74;3299
2018-03-27 01:20:08;2018-03-27 09:10:25;86%;7:50;:(;;68;13070
2018-03-27 23:23:46;2018-03-28 09:23:17;87%;9:59;:|;;60;9140
2018-03-29 01:04:07;2018-03-29 09:00:27;86%;7:56;:|;;69;9718
2018-03-30 01:42:21;2018-03-30 07:48:12;75%;6:05;:(;;59;12902
2018-03-31 00:34:31;2018-03-31 10:47:26;99%;10:12;:|;;66;9158
2018-04-01 00:18:07;2018-04-01 10:13:59;97%;9:55;:|;;67;7111
2018-04-02 00:25:49;2018-04-02 09:28:37;91%;9:02;:|;;61;8345
2018-04-03 00:20:02;2018-04-03 08:15:30;81%;7:55;:(;;62;14786
2018-04-04 00:29:54;2018-04-04 09:18:42;99%;8:48;:(;;57;12914
2018-04-05 01:37:34;2018-04-05 08:27:33;71%;6:49;:(;Took a nap (2 hours);69;10325
2018-04-06 00:23:15;2018-04-06 09:29:38;90%;9:06;:|;;63;8437
2018-04-07 01:40:00;2018-04-07 10:52:31;90%;9:12;:|;;64;13657
2018-04-07 23:35:36;2018-04-08 08:56:08;96%;9:20;:|;;64;9671
2018-04-09 00:14:24;2018-04-09 07:01:33;73%;6:47;:|;Took a nap (2 hours);55;6167
2018-04-10 00:13:10;2018-04-10 08:57:00;100%;8:43;:|;;66;10472
2018-04-10 23:45:15;2018-04-11 08:54:14;98%;9:08;:|;;69;9051
2018-04-12 00:19:01;2018-04-12 09:01:21;96%;8:42;:|;;58;10866
2018-04-13 00:29:45;2018-04-13 09:23:14;100%;8:53;:);;69;9138
2018-04-14 00:17:28;2018-04-14 09:54:37;98%;9:37;:);;78;8034
2018-04-15 02:03:24;2018-04-15 11:02:29;95%;8:59;:);;60;4616
2018-04-15 23:57:19;2018-04-16 08:12:49;93%;8:15;:(;;61;7008
2018-04-17 00:30:38;2018-04-17 08:40:21;88%;8:09;:(;;58;13941
2018-04-18 00:25:11;2018-04-18 08:03:31;85%;7:38;:(;Took a nap (2 hours);64;8440
2018-04-19 00:20:02;2018-04-19 09:29:31;100%;9:09;:|;;72;10783
2018-04-19 23:56:11;2018-04-20 09:10:38;100%;9:14;:(;;70;6934
2018-04-21 01:17:01;2018-04-21 10:05:21;99%;8:48;:|;;71;11658
2018-04-22 00:23:14;2018-04-22 08:43:22;93%;8:20;:|;;59;7121
2018-04-22 23:34:30;2018-04-23 09:29:03;86%;9:54;:|;;75;11858
2018-04-24 00:14:52;2018-04-24 09:00:30;82%;8:45;:(;;72;11476
2018-04-25 00:13:12;2018-04-25 09:20:15;95%;9:07;:|;Took a nap (2 hours);78;11271
2018-04-25 23:26:18;2018-04-26 09:00:24;96%;9:34;:|;;75;12232
2018-04-26 23:21:57;2018-04-27 05:32:57;70%;6:11;;;0;9964
2018-04-28 02:10:16;2018-04-28 09:47:49;84%;7:37;:|;;69;8099
2018-04-28 23:20:11;2018-04-29 09:21:54;99%;10:01;:);;56;4833
2018-04-30 01:28:01;2018-04-30 09:21:42;86%;7:53;:|;;69;8894
2018-05-01 02:12:26;2018-05-01 08:29:08;70%;6:16;:(;;67;11659
2018-05-02 00:28:37;2018-05-02 08:56:50;91%;8:28;:|;;72;11304
2018-05-03 01:51:45;2018-05-03 09:38:11;81%;7:46;:|;;71;11182
2018-05-04 00:16:38;2018-05-04 10:13:05;88%;9:56;:(;;57;7153
2018-05-05 02:16:25;2018-05-05 10:58:06;97%;8:41;:|;;71;11101
2018-05-05 23:20:54;2018-05-06 10:34:55;85%;11:14;:|;;62;8964
2018-05-07 02:33:33;2018-05-07 09:30:07;75%;6:56;:(;;72;10030
2018-05-08 02:29:49;2018-05-08 10:22:11;90%;7:52;:|;;64;9427
2018-05-09 01:18:44;2018-05-09 10:20:41;92%;9:01;:|;;76;6154
2018-05-10 02:04:12;2018-05-10 10:42:32;98%;8:38;:|;;74;8832
2018-05-11 02:44:39;2018-05-11 09:34:05;75%;6:49;:|;Took a nap (2 hours);71;13338
2018-05-12 00:00:57;2018-05-12 08:36:41;93%;8:35;:|;;63;7387
2018-05-13 01:21:11;2018-05-13 09:36:59;97%;8:15;:|;Took a nap (2 hours);60;3247
2018-05-14 00:41:37;2018-05-14 08:20:30;88%;7:38;:(;Took a nap (2 hours);74;9300
2018-05-14 22:55:13;2018-05-15 08:35:37;89%;9:40;:|;;35;2201
2018-05-15 23:05:11;2018-05-16 08:34:52;100%;9:29;:);;73;8805
2018-05-16 22:54:32;2018-05-17 08:46:41;85%;9:52;:|;Took a nap (1 hour);80;2003
2018-05-17 23:33:05;2018-05-18 07:45:28;86%;8:12;:|;Took a nap (1 hour);61;7484
2018-05-19 00:42:58;2018-05-19 05:16:41;49%;4:33;:(;Took a nap (2 hours);59;2368
2018-05-20 00:30:25;2018-05-20 07:33:32;79%;7:03;:|;Took a nap (2 hours);64;6378
2018-05-20 23:07:29;2018-05-21 08:22:49;100%;9:15;:|;Took a nap (2 hours);68;3424
2018-05-21 23:40:30;2018-05-22 07:58:09;89%;8:17;:|;;78;3503
2018-05-22 23:40:17;2018-05-23 07:38:15;89%;7:57;:|;Took a nap (2 hours);71;3416
2018-05-24 00:51:48;2018-05-24 08:33:51;84%;7:42;:|;;72;10603
2018-05-25 00:23:38;2018-05-25 08:30:58;93%;8:07;:|;;71;5940
2018-05-26 00:40:18;2018-05-26 08:45:31;88%;8:05;:|;;67;10763
2018-05-27 00:30:20;2018-05-27 09:34:45;98%;9:04;:|;;83;2297
2018-05-28 00:54:12;2018-05-28 08:29:47;72%;7:35;:|;;68;8366
2018-05-29 00:54:36;2018-05-29 09:12:30;88%;8:17;:);Took a nap (2 hours);73;2266
2018-05-30 01:32:22;2018-05-30 09:06:20;82%;7:33;:|;Took a nap (2 hours);73;3074
2018-05-31 01:24:37;2018-05-31 09:08:03;82%;7:43;:);Took a nap (2 hours);71;3909
2018-06-01 00:18:06;2018-06-01 10:25:28;85%;10:07;:|;Took a nap (2 hours);74;8555
2018-06-02 02:46:33;2018-06-02 10:08:47;89%;7:22;:|;Took a nap (2 hours);61;2136
2018-06-02 23:37:18;2018-06-03 09:41:13;100%;10:03;:|;;65;7082
2018-06-03 23:44:41;2018-06-04 09:01:36;95%;9:16;:(;Took a nap (2 hours);78;700
2018-06-05 02:43:26;2018-06-05 10:06:59;74%;7:23;:(;Took a nap (2 hours);64;8322
2018-06-06 00:59:34;2018-06-06 09:30:50;88%;8:31;:|;;79;2954
2018-06-07 00:34:57;2018-06-07 10:01:21;88%;9:26;:(;;77;9301
2018-06-08 00:31:48;2018-06-08 08:17:07;89%;7:45;:(;;66;3829
2018-06-09 01:14:38;2018-06-09 09:31:33;91%;8:16;:|;Took a nap (2 hours);68;11496
2018-06-10 00:55:24;2018-06-10 06:36:35;58%;5:41;:|;Took a nap (1 hour);55;592
2018-06-10 23:24:21;2018-06-11 08:19:06;98%;8:54;:|;Took a nap (2 hours);66;12288
2018-06-12 00:54:11;2018-06-12 09:37:09;94%;8:42;:);Took a nap (2 hours);62;3065
2018-06-12 23:08:25;2018-06-13 07:30:50;92%;8:22;:|;;66;9395
2018-06-13 22:55:15;2018-06-14 08:33:22;98%;9:38;:);;68;8652
2018-06-15 00:32:06;2018-06-15 08:55:46;92%;8:23;:(;;72;3029
2018-06-16 00:17:42;2018-06-16 09:25:07;95%;9:07;:);;76;13101
2018-06-17 00:29:21;2018-06-17 08:33:19;88%;8:03;:(;;78;2023
2018-06-18 01:42:56;2018-06-18 09:13:10;80%;7:30;:|;Took a nap (2 hours);72;2472
2018-06-19 00:02:08;2018-06-19 08:58:19;92%;8:56;:|;;71;9461
2018-06-20 00:26:49;2018-06-20 08:56:23;93%;8:29;:(;Took a nap (1 hour);63;2953
2018-06-21 00:31:06;2018-06-21 10:02:54;100%;9:31;:|;Took a nap (2 hours);63;8804
2018-06-22 00:33:29;2018-06-22 10:14:10;93%;9:40;:|;Took a nap (2 hours);70;2946
2018-06-23 02:35:56;2018-06-23 09:43:59;78%;7:08;:(;Took a nap (2 hours);75;9034
2018-06-23 23:44:18;2018-06-24 10:31:41;84%;10:47;:|;;85;10485
2018-06-25 00:12:39;2018-06-25 08:34:14;72%;8:21;:|;Took a nap (2 hours);59;6891
2018-06-26 01:00:57;2018-06-26 08:10:09;74%;7:09;:(;Took a nap (2 hours);66;2500
2018-06-27 04:07:01;2018-06-27 09:58:08;63%;5:51;:|;Took a nap (2 hours);69;8622
2018-06-28 01:47:51;2018-06-28 09:25:10;85%;7:37;:(;;75;1139
2018-06-29 00:26:22;2018-06-29 08:25:00;83%;7:58;:(;;69;9415
2018-06-30 00:28:38;2018-06-30 09:48:30;99%;9:19;:|;;94;2653
2018-07-01 00:46:46;2018-07-01 09:15:38;85%;8:28;:|;;77;7099
2018-07-02 00:41:29;2018-07-02 10:04:04;89%;9:22;:);;68;10130
2018-07-03 00:37:17;2018-07-03 09:50:45;92%;9:13;:|;;74;1803
2018-07-04 01:06:36;2018-07-04 11:23:03;84%;10:16;:);;72;7321
2018-07-05 00:18:10;2018-07-05 08:51:25;86%;8:33;:(;;69;4527
2018-07-06 02:26:10;2018-07-06 09:39:11;80%;7:13;:|;Took a nap (2 hours);60;3026
2018-07-07 00:50:27;2018-07-07 10:16:40;99%;9:26;:|;;62;10579
2018-07-08 00:35:25;2018-07-08 09:15:23;80%;8:39;:(;;63;2092
2018-07-08 23:15:23;2018-07-09 07:50:22;87%;8:34;:|;;48;11076
2018-07-10 00:10:37;2018-07-10 08:52:12;83%;8:41;:(;;75;4754
2018-07-10 23:21:38;2018-07-11 08:55:32;96%;9:33;:(;;64;7865
2018-07-12 01:25:17;2018-07-12 08:34:12;77%;7:08;:(;Took a nap (2 hours);71;2589
2018-07-13 02:11:40;2018-07-13 08:27:14;63%;6:15;:(;Took a nap (2 hours);60;8143
2018-07-14 23:43:54;2018-07-15 08:24:13;74%;8:40;:(;Took a nap (2 hours);61;8866
2018-07-16 00:50:00;2018-07-16 09:32:54;88%;8:42;:|;Took a nap (2 hours);68;1035
2018-07-16 23:36:13;2018-07-17 08:49:15;100%;9:13;:|;;70;6685
2018-07-18 00:05:59;2018-07-18 08:54:46;100%;8:48;:|;;63;4177
2018-07-19 00:13:21;2018-07-19 09:07:16;97%;8:53;:(;;62;8422
2018-07-20 00:13:06;2018-07-20 09:16:38;100%;9:03;:|;;72;2317
2018-07-20 22:20:54;2018-07-21 10:13:35;85%;11:52;:(;;66;9439
2018-07-21 23:46:12;2018-07-22 09:27:14;100%;9:41;:(;;85;2404
2018-07-22 23:49:54;2018-07-23 09:31:14;86%;9:41;:|;;84;10756
2018-07-24 00:14:35;2018-07-24 09:20:54;100%;9:06;:|;;66;4463
2018-07-24 23:22:26;2018-07-25 08:24:31;96%;9:02;:|;;66;10578
2018-07-25 22:46:22;2018-07-26 07:13:23;77%;8:27;:(;;66;4489
2018-07-27 00:16:17;2018-07-27 08:59:13;94%;8:42;:(;Took a nap (2 hours);69;7801
2018-07-28 00:39:01;2018-07-28 09:18:07;97%;8:39;:|;;77;9112
2018-07-29 01:45:21;2018-07-29 10:03:06;89%;8:17;:|;Took a nap (2 hours);62;863
2018-07-30 00:34:07;2018-07-30 08:56:34;88%;8:22;:|;Took a nap (2 hours);64;7365
2018-07-31 00:01:15;2018-07-31 09:00:20;83%;8:59;:(;;70;3271
2018-08-01 00:37:19;2018-08-01 08:44:32;91%;8:07;:(;Took a nap (2 hours);64;2347
2018-08-02 01:11:54;2018-08-02 09:25:40;90%;8:13;:|;;62;5536
2018-08-03 00:01:47;2018-08-03 10:18:27;99%;10:16;:);;73;8919
2018-08-04 01:40:11;2018-08-04 08:15:51;55%;6:35;:(;Took a nap (2 hours);64;1756
2018-08-05 00:47:21;2018-08-05 09:11:06;89%;8:23;:|;Took a nap (2 hours);64;8555
2018-08-06 00:02:02;2018-08-06 08:44:25;95%;8:42;:(;;46;903
2018-08-07 01:43:59;2018-08-07 09:00:20;82%;7:16;:|;Took a nap (2 hours);60;6145
2018-08-07 22:11:11;2018-08-08 09:03:22;69%;10:52;:|;;65;3057
2018-08-10 00:31:55;2018-08-10 09:08:13;83%;8:36;:(;;76;3337
2018-08-11 00:59:34;2018-08-11 10:32:43;99%;9:33;:|;;71;10305
2018-08-12 01:01:23;2018-08-12 09:00:28;90%;7:59;:|;;79;3540
2018-08-13 01:41:39;2018-08-13 09:50:45;81%;8:09;:|;Took a nap (2 hours);67;13438
2018-08-14 00:26:22;2018-08-14 09:37:35;92%;9:11;:(;;66;8699
2018-08-14 23:30:30;2018-08-15 08:56:55;98%;9:26;:|;;71;3915
2018-08-15 23:18:09;2018-08-16 09:00:58;98%;9:42;:|;;77;6275
2018-08-17 01:29:13;2018-08-17 09:48:37;90%;8:19;:|;;75;8987
2018-08-18 00:22:02;2018-08-18 09:09:06;86%;8:47;:(;;57;9781
2018-08-19 00:36:17;2018-08-19 08:40:28;87%;8:04;:(;;72;2968
2018-08-20 01:42:56;2018-08-20 09:11:51;85%;7:28;:|;Took a nap (2 hours);74;6516
2018-08-21 00:49:22;2018-08-21 09:23:58;94%;8:34;:|;;66;14499
2018-08-22 00:19:32;2018-08-22 10:07:18;100%;9:47;:|;;77;5374
2018-08-23 00:00:42;2018-08-23 09:35:11;95%;9:34;:|;;70;12770
2018-08-24 00:04:44;2018-08-24 07:26:30;84%;7:21;:(;;72;12468
2018-08-24 23:23:41;2018-08-25 07:57:31;92%;8:33;:(;;80;3246
2018-08-26 00:19:41;2018-08-26 09:44:07;96%;9:24;:|;Took a nap (1 hour);71;10726
2018-08-26 23:49:31;2018-08-27 08:24:18;95%;8:34;:(;;68;12079
2018-08-28 00:37:27;2018-08-28 08:38:39;76%;8:01;:(;Took a nap (1 hour);65;11699
2018-08-28 23:38:40;2018-08-29 08:42:50;94%;9:04;:|;Took a nap (2 hours);67;8165
2018-08-30 00:10:46;2018-08-30 09:08:07;96%;8:57;:|;;64;13686
2018-08-31 00:29:59;2018-08-31 09:04:20;92%;8:34;:|;Took a nap (2 hours);75;6964
2018-08-31 23:56:13;2018-09-01 09:26:16;98%;9:30;:|;;78;12539
2018-09-01 23:47:08;2018-09-02 09:00:27;93%;9:13;:);Took a nap (2 hours);61;3128
2018-09-03 00:01:58;2018-09-03 09:29:42;92%;9:27;:|;;62;6451
2018-09-04 00:29:58;2018-09-04 09:47:16;86%;9:17;:(;;61;10354
2018-09-05 01:49:52;2018-09-05 10:13:00;84%;8:23;:(;;64;9267
2018-09-05 22:35:35;2018-09-06 10:14:07;69%;11:38;:(;;64;9183
2018-09-07 00:33:34;2018-09-07 09:20:46;92%;8:47;:|;Took a nap (2 hours);61;5457
2018-09-08 01:25:33;2018-09-08 09:48:47;86%;8:23;:(;Took a nap (2 hours);65;13590
2018-09-09 00:01:47;2018-09-09 09:22:26;89%;9:20;:|;;68;5173
2018-09-10 01:32:39;2018-09-10 08:31:49;71%;6:59;:(;;84;14303
2018-09-10 23:47:45;2018-09-11 09:50:27;86%;10:02;:(;;70;11677
2018-09-11 23:51:12;2018-09-12 09:23:21;92%;9:32;:(;;65;6542
2018-09-13 00:44:02;2018-09-13 09:17:36;91%;8:33;:|;;59;10953
2018-09-13 23:51:10;2018-09-14 09:21:27;81%;9:30;:|;;63;6568
2018-09-15 00:33:27;2018-09-15 09:16:02;91%;8:42;:(;;53;9829
2018-09-15 22:30:21;2018-09-16 09:10:58;88%;10:40;:|;;72;5291
2018-09-17 00:06:52;2018-09-17 08:54:36;87%;8:47;:|;;70;6548
2018-09-18 00:11:53;2018-09-18 09:59:12;81%;9:47;:|;;68;9138
2018-09-18 23:17:08;2018-09-19 08:54:34;94%;9:37;:|;;66;7932
2018-09-19 23:44:31;2018-09-20 09:53:40;75%;10:09;:(;;75;9896
2018-09-21 00:44:08;2018-09-21 09:25:04;94%;8:40;:|;;62;12720
2018-09-22 02:39:44;2018-09-22 09:29:59;73%;6:50;:(;Took a nap (2 hours);72;14511
2018-09-23 00:10:16;2018-09-23 08:51:28;88%;8:41;:|;;60;7248
2018-09-24 00:32:34;2018-09-24 09:25:27;99%;8:52;:|;;61;5852
2018-09-25 01:09:02;2018-09-25 09:43:02;91%;8:33;:|;;66;10171
2018-09-26 00:10:38;2018-09-26 09:12:36;87%;9:01;:|;;62;9338
2018-09-26 22:25:17;2018-09-27 09:31:15;73%;11:05;:|;;61;8485
2018-09-28 00:15:08;2018-09-28 09:19:26;96%;9:04;:|;;69;12449
2018-09-29 02:28:45;2018-09-29 09:34:29;74%;7:05;:|;Took a nap (2 hours);80;14037
2018-09-29 23:07:33;2018-09-30 08:25:01;74%;9:17;:(;;61;12881
2018-10-01 00:18:03;2018-10-01 09:10:34;95%;8:52;:|;;68;12776
2018-10-02 01:08:42;2018-10-02 09:50:35;92%;8:41;:|;;69;10946
2018-10-03 00:22:38;2018-10-03 09:25:24;87%;9:02;:(;;62;10069
2018-10-04 00:50:33;2018-10-04 09:31:44;83%;8:41;:|;;61;8748
2018-10-05 01:40:49;2018-10-05 09:29:31;80%;7:48;:|;Took a nap (1 hour);56;11535
2018-10-06 03:32:20;2018-10-06 10:33:05;78%;7:00;:|;;61;9277
2018-10-07 01:25:56;2018-10-07 09:46:17;89%;8:20;:|;Took a nap (1 hour);73;7885
2018-10-08 00:49:44;2018-10-08 09:28:13;85%;8:38;:|;;63;7142
2018-10-09 00:46:30;2018-10-09 09:25:03;74%;8:38;:(;;60;10616
2018-10-10 00:28:53;2018-10-10 08:54:42;96%;8:25;:(;;64;8192
2018-10-11 00:14:42;2018-10-11 09:35:44;86%;9:21;:(;;57;8579
2018-10-12 00:51:07;2018-10-12 09:32:24;93%;8:41;:|;;64;10699
2018-10-13 00:35:14;2018-10-13 09:16:20;86%;8:41;:|;;59;9726
2018-10-14 00:32:57;2018-10-14 09:18:27;90%;8:45;:|;;60;8805
2018-10-15 00:51:31;2018-10-15 08:51:25;82%;7:59;:|;;53;10467
2018-10-16 03:05:17;2018-10-16 08:40:30;64%;5:35;:|;;72;13557
2018-10-16 23:14:56;2018-10-17 08:29:50;95%;9:14;:);;51;6926
2018-10-18 00:07:17;2018-10-18 08:59:46;84%;8:52;:|;;60;12081
2018-10-19 00:28:39;2018-10-19 08:57:21;86%;8:28;:(;;71;9937
2018-10-20 01:37:36;2018-10-20 04:30:51;32%;2:53;:|;Took a nap (2 hours);71;13120
2018-10-20 23:43:07;2018-10-21 10:36:38;92%;10:53;:|;Took a nap (2 hours);64;11118
2018-10-22 01:07:39;2018-10-22 09:30:29;90%;8:22;:|;;82;5579
2018-10-23 00:46:28;2018-10-23 08:56:12;82%;8:09;:|;;66;11026
2018-10-24 00:02:09;2018-10-24 09:26:08;92%;9:23;:);;81;9952
2018-10-24 23:43:45;2018-10-25 09:36:07;100%;9:52;:|;;65;12119
2018-10-26 02:29:06;2018-10-26 09:33:12;80%;7:04;:|;Took a nap (2 hours);54;6285
2018-10-26 22:42:41;2018-10-27 09:12:33;92%;10:29;:(;;65;6800
2018-10-28 01:02:31;2018-10-28 09:46:00;90%;8:43;:);;68;7986
2018-10-29 00:01:16;2018-10-29 09:26:29;94%;9:25;:(;;69;8835
2018-10-30 00:29:34;2018-10-30 08:09:42;68%;7:40;:(;;58;9118
2018-10-31 00:52:24;2018-10-31 09:25:56;97%;8:33;:(;;69;9755
2018-11-01 01:06:53;2018-11-01 09:28:38;80%;8:21;:(;;64;9408
2018-11-02 00:50:43;2018-11-02 09:29:27;93%;8:38;:|;;64;8949
2018-11-02 23:07:00;2018-11-03 09:26:56;98%;10:19;:(;;70;13440
2018-11-04 00:08:33;2018-11-04 08:26:39;100%;9:18;:);;53;11961
2018-11-05 01:00:52;2018-11-05 08:53:49;94%;7:52;:|;;77;5961
2018-11-06 02:38:58;2018-11-06 08:53:35;75%;6:14;:(;;69;13015
2018-11-06 23:28:53;2018-11-07 08:33:49;100%;9:04;:);;72;8131
2018-11-08 00:13:23;2018-11-08 08:53:15;90%;8:39;:);;67;14312
2018-11-09 02:36:03;2018-11-09 09:16:23;78%;6:40;:|;Took a nap (1 hour);72;12153
2018-11-10 01:07:26;2018-11-10 09:05:25;82%;7:57;:|;;73;8628
2018-11-11 02:03:40;2018-11-11 09:36:08;84%;7:32;:(;Took a nap (1 hour):Took a nap (2 hours);72;4352
2018-11-11 23:06:22;2018-11-12 08:40:38;98%;9:34;:|;;61;6029
2018-11-13 00:24:30;2018-11-13 09:26:51;88%;9:02;:(;;66;10333
2018-11-14 02:25:50;2018-11-14 09:30:26;83%;7:04;:(;;93;13412
2018-11-15 02:35:24;2018-11-15 09:24:21;79%;6:48;:(;;68;13638
2018-11-15 23:06:45;2018-11-16 09:29:27;98%;10:22;:|;;81;8138
2018-11-16 22:48:52;2018-11-17 08:25:10;99%;9:36;:|;;66;6916
2018-11-17 23:54:45;2018-11-18 09:44:53;98%;9:50;:|;;63;8541
2018-11-19 02:25:21;2018-11-19 09:25:01;77%;6:59;;;0;10296
2018-11-20 01:11:22;2018-11-20 10:31:03;100%;9:19;;;0;11279
2018-11-21 02:24:51;2018-11-21 09:31:26;76%;7:06;:|;Took a nap (1 hour);71;8174
2018-11-21 22:52:02;2018-11-22 09:18:43;95%;10:26;:);;64;8817
2018-11-23 00:02:37;2018-11-23 09:40:12;94%;9:37;:(;Took a nap (1 hour);62;7039
2018-11-24 01:35:17;2018-11-24 10:05:13;96%;8:29;:(;Took a nap (1 hour);87;7470
2018-11-25 00:00:50;2018-11-25 07:24:14;85%;7:23;:(;;65;5462
2018-11-25 23:14:43;2018-11-26 07:57:29;100%;8:42;:|;;60;8173
2018-11-27 01:47:11;2018-11-27 08:11:33;72%;6:24;:);Took a nap (2 hours);65;10259
2018-11-27 23:49:13;2018-11-28 09:05:21;99%;9:16;:|;;62;8214
2018-11-29 00:19:11;2018-11-29 09:30:43;93%;9:11;:|;;77;10070
2018-11-29 21:47:08;2018-11-30 09:06:13;96%;11:19;:|;;69;9016
2018-12-01 00:17:03;2018-12-01 09:03:31;96%;8:46;:|;;69;14050
2018-12-02 00:24:44;2018-12-02 09:23:48;100%;8:59;:|;;65;11171
2018-12-03 00:33:00;2018-12-03 09:02:35;90%;8:29;:|;;70;6615
2018-12-04 00:37:07;2018-12-04 08:36:49;87%;7:59;:(;;66;12243
2018-12-05 00:08:08;2018-12-05 08:56:31;73%;8:48;:(;;70;6120
2018-12-06 01:07:47;2018-12-06 10:10:50;90%;9:03;:(;;73;9861
2018-12-07 01:19:21;2018-12-07 09:26:23;97%;8:07;:(;;77;13032
2018-12-07 22:32:11;2018-12-08 09:37:15;89%;11:05;:|;;74;9715
2018-12-08 23:46:11;2018-12-09 09:02:12;100%;9:16;:|;;71;9984
2018-12-10 00:49:58;2018-12-10 09:18:40;92%;8:28;:|;;64;6515
2018-12-10 23:26:49;2018-12-11 07:38:54;83%;8:12;:(;Stressful day;71;9821
2018-12-12 00:18:21;2018-12-12 07:43:52;84%;7:25;:(;Stressful day;77;9328
2018-12-12 23:21:53;2018-12-13 08:23:37;91%;9:01;:|;;72;9440
2018-12-14 01:08:41;2018-12-14 08:43:56;83%;7:35;:|;Took a nap (1 hour);64;7801
2018-12-15 00:07:31;2018-12-15 08:46:16;92%;8:38;:|;;60;8234
2018-12-15 23:58:23;2018-12-16 09:02:17;98%;9:03;:|;;59;10633
2018-12-16 23:09:49;2018-12-17 09:08:43;96%;9:58;:);;62;5497
2018-12-18 00:30:30;2018-12-18 08:44:39;84%;8:14;:|;;79;6700
2018-12-19 02:32:51;2018-12-19 09:17:06;69%;6:44;:(;Took a nap (2 hours);76;8313
2018-12-19 23:46:02;2018-12-20 09:39:57;90%;9:53;:);;63;7017
2018-12-21 02:57:11;2018-12-21 09:58:07;75%;7:00;:|;Took a nap (1 hour):Took a nap (2 hours);70;6817
2018-12-21 23:13:52;2018-12-22 09:47:57;100%;10:34;:|;;69;8279
2018-12-22 23:51:41;2018-12-23 08:52:42;100%;9:01;:(;;66;7245
2018-12-24 00:10:12;2018-12-24 08:56:37;93%;8:46;:(;;62;13255
2018-12-25 03:23:30;2018-12-25 10:22:55;73%;6:59;:(;Took a nap (1 hour);55;7824
2018-12-26 00:53:46;2018-12-26 09:15:12;96%;8:21;:|;;56;6216
2018-12-27 01:01:19;2018-12-27 09:25:23;95%;8:24;:|;;67;6649
2018-12-28 01:49:28;2018-12-28 09:15:33;78%;7:26;:(;Took a nap (1 hour);64;2852
2018-12-29 01:15:17;2018-12-29 09:46:13;90%;8:30;:|;Took a nap (1.5 hours);63;7391
2018-12-30 00:18:01;2018-12-30 10:11:36;100%;9:53;:|;;55;6647
2018-12-31 01:15:54;2018-12-31 09:46:41;92%;8:30;:(;Took a nap (1.5 hours);60;8655
2019-01-01 00:41:12;2019-01-01 10:24:07;99%;9:42;:|;Took a nap (1 hour);61;864
2019-01-02 02:06:21;2019-01-02 09:38:47;85%;7:32;:(;Took a nap (1.5 hours);57;4348
2019-01-03 01:07:14;2019-01-03 09:53:15;100%;8:46;:(;;73;9350
2019-01-04 01:03:59;2019-01-04 10:43:04;97%;9:39;:|;;67;7656
2019-01-05 01:42:49;2019-01-05 09:52:36;90%;8:09;:(;;75;4709
2019-01-06 01:38:00;2019-01-06 09:55:59;91%;8:17;:|;Took a nap (1.5 hours);65;20934
2019-01-07 00:46:02;2019-01-07 09:39:11;97%;8:53;:|;;66;3212
2019-01-08 01:47:52;2019-01-08 08:45:52;76%;6:58;:(;Took a nap (1.5 hours);66;1227
2019-01-09 01:48:42;2019-01-09 09:18:25;84%;7:29;:(;;79;7686
2019-01-10 03:17:58;2019-01-10 09:10:13;67%;5:52;:(;Took a nap (1.5 hours);67;9369
2019-01-11 01:29:42;2019-01-11 09:02:13;85%;7:32;:|;Took a nap (1.5 hours);62;7408
2019-01-12 01:35:34;2019-01-12 09:04:09;85%;7:28;:(;;68;10893
2019-01-13 00:46:50;2019-01-13 08:05:16;78%;7:18;:(;Took a nap (1.5 hours);59;1129
2019-01-13 22:21:02;2019-01-14 08:11:26;87%;9:50;:|;;58;9800
2019-01-14 23:33:44;2019-01-15 07:28:30;83%;7:54;:(;;69;11888
2019-01-15 23:37:28;2019-01-16 08:35:05;100%;8:57;:|;;67;13173
2019-01-16 23:34:29;2019-01-17 07:28:26;86%;7:53;:(;;70;10826
2019-01-18 00:29:59;2019-01-18 08:58:49;91%;8:28;:|;Took a nap (1.5 hours);67;9362
2019-01-18 23:56:41;2019-01-19 08:30:16;88%;8:33;:(;Took a nap (1.5 hours);59;6393
2019-01-20 00:02:07;2019-01-20 08:42:37;86%;8:40;:|;Took a nap (1.5 hours);80;4729
2019-01-20 22:57:49;2019-01-21 09:00:54;93%;10:03;:|;;56;7085
2019-01-21 23:59:53;2019-01-22 07:24:19;78%;7:24;:|;;63;8505
2019-01-23 00:20:27;2019-01-23 09:25:34;98%;9:05;:|;;65;10394
2019-01-24 00:00:48;2019-01-24 07:28:18;73%;7:27;:(;;72;9770
2019-01-25 00:38:40;2019-01-25 09:14:21;97%;8:35;:|;Took a nap (1.5 hours);61;12259
2019-01-25 23:47:51;2019-01-26 08:45:46;97%;8:57;:|;;74;9561
2019-01-26 22:55:16;2019-01-27 08:26:31;97%;9:31;:|;;58;7910
2019-01-27 23:35:08;2019-01-28 08:53:56;95%;9:18;:|;;71;9173
2019-01-29 00:04:05;2019-01-29 07:29:11;77%;7:25;:|;;58;10062
2019-01-29 23:18:22;2019-01-30 09:25:13;99%;10:06;:|;;71;9525
2019-01-30 22:47:28;2019-01-31 07:29:40;98%;8:42;:(;;59;2980
2019-02-01 00:56:48;2019-02-01 08:40:35;88%;7:43;:|;;68;7632
2019-02-02 00:07:20;2019-02-02 08:56:43;91%;8:49;:);;74;11927
2019-02-03 00:21:37;2019-02-03 09:16:07;100%;8:54;:(;;62;7106
2019-02-03 23:33:13;2019-02-04 08:51:36;97%;9:18;:|;;66;6587
2019-02-04 23:42:31;2019-02-05 06:59:02;84%;7:16;:(;;58;12310
2019-02-06 01:07:06;2019-02-06 09:08:17;86%;8:01;:(;;106;15401
2019-02-06 23:58:04;2019-02-07 07:29:06;62%;7:31;:(;Took a nap (1.5 hours);68;7840
2019-02-07 23:36:08;2019-02-08 08:41:26;100%;9:05;:|;;71;9809
2019-02-11 00:02:35;2019-02-11 08:49:58;90%;8:47;:|;;75;7923
2019-02-11 23:26:03;2019-02-12 07:00:44;83%;7:34;:|;;63;11919
2019-02-13 00:41:50;2019-02-13 08:37:24;86%;7:55;:);Took a nap (1.5 hours);74;9495
2019-02-14 00:39:15;2019-02-14 09:15:00;96%;8:35;:);Took a nap (1.5 hours);70;7124
2019-02-15 00:09:13;2019-02-15 09:39:24;95%;9:30;:);;63;12568
2019-02-15 23:25:37;2019-02-16 08:40:23;100%;9:14;:|;;72;7579
2019-02-16 22:57:41;2019-02-17 08:29:51;96%;9:32;:|;;70;6437
2019-02-18 01:48:53;2019-02-18 09:42:32;90%;7:53;:);Took a nap (2 hours);74;14661
2019-02-18 23:23:36;2019-02-19 07:26:52;85%;8:03;:(;;63;8106
2019-02-20 02:36:01;2019-02-20 09:27:24;72%;6:51;:(;Took a nap (1.5 hours);64;10420
2019-02-20 23:26:30;2019-02-21 07:28:32;85%;8:02;:(;;63;5386
2019-02-21 23:53:35;2019-02-22 08:35:47;98%;8:42;:(;;63;8611
2019-02-23 00:06:50;2019-02-23 09:13:28;94%;9:06;:|;;73;8257
2019-02-24 00:00:58;2019-02-24 08:44:33;92%;8:43;:);;72;5657
2019-02-25 00:03:53;2019-02-25 08:21:19;90%;8:17;:(;;59;6245
2019-02-25 23:22:03;2019-02-26 07:25:37;84%;8:03;:(;;57;7915
2019-02-27 00:01:40;2019-02-27 08:58:38;96%;8:56;:(;Stressful day;68;8637
2019-02-27 23:45:54;2019-02-28 07:28:47;82%;7:42;:(;;62;8533
2019-02-28 23:50:34;2019-03-01 08:45:46;96%;8:55;:);;59;9559
2019-03-02 01:08:32;2019-03-02 08:58:03;90%;7:49;:|;Took a nap (1.5 hours);66;6783
2019-03-02 23:19:49;2019-03-03 09:29:23;100%;10:09;:|;;77;5740
2019-03-04 00:36:51;2019-03-04 10:05:07;92%;9:28;:);Stomach problems;72;10382
2019-03-05 00:09:40;2019-03-05 07:19:36;77%;7:09;:(;;55;7482
2019-03-06 01:47:37;2019-03-06 09:40:08;91%;7:52;:|;;71;10333
2019-03-06 23:33:23;2019-03-07 07:28:32;90%;7:55;:|;;61;9686
2019-03-07 23:10:27;2019-03-08 09:15:02;100%;10:04;:|;;64;11295
2019-03-08 23:04:52;2019-03-09 07:48:16;98%;8:43;:|;;68;12052
2019-03-09 23:10:28;2019-03-10 08:58:46;96%;8:48;:|;;68;3925
2019-03-11 00:14:57;2019-03-11 08:22:33;86%;8:07;:(;;66;8750
2019-03-11 23:43:16;2019-03-12 07:13:38;81%;7:30;:|;;56;11130
2019-03-12 23:30:45;2019-03-13 08:15:32;91%;8:44;:);;71;7144
2019-03-13 23:56:36;2019-03-14 09:30:29;87%;9:33;:(;;72;13879
2019-03-15 00:17:32;2019-03-15 10:14:18;100%;9:56;:(;;68;12204
2019-03-16 00:13:11;2019-03-16 08:35:06;95%;8:21;:(;;81;6231
2019-03-16 22:25:52;2019-03-17 08:56:39;83%;10:30;:|;;78;19074
2019-03-17 22:26:32;2019-03-18 08:07:12;100%;9:40;:(;;73;8497
2019-03-18 23:52:24;2019-03-19 08:06:40;93%;8:14;:|;Took a nap (1 hour);68;8771
2019-03-20 03:58:44;2019-03-20 09:24:17;61%;5:25;:|;Took a nap (1.5 hours):Took a nap (2 hours);83;11160
2019-03-20 23:57:44;2019-03-21 07:42:05;85%;7:44;:|;;62;7728